job_id,company_id,title,category,posted_date,is_remote
1,68,Operations,Design,2026-03-23,0
2,283,Customer Support,Software Engineering,2026-01-02,1
3,296,Data & Analytics,Data & Analytics,2026-03-03,0
4,456,Finance & Accounting,Operations,2025-11-23,1
5,303,Data & Analytics,Operations,2025-09-17,1
6,564,Marketing,Customer Support,2025-10-10,1
7,107,Sales,Operations,2025-08-25,0
8,25,Marketing,Marketing,2025-10-28,0
9,359,Design,Software Engineering,2025-12-20,1
10,186,Operations,Design,2025-09-06,0
11,539,Design,Marketing,2025-09-24,1
12,29,Software Engineering,Data & Analytics,2025-09-25,0
13,133,Operations,Operations,2026-03-03,0
14,408,Software Engineering,Software Engineering,2025-08-17,0
15,297,Finance & Accounting,Operations,2025-09-09,1
16,276,Design,Marketing,2025-11-03,0
17,287,Software Engineering,Software Engineering,2025-09-02,0
18,312,Marketing,Customer Support,2026-03-10,1
19,513,Software Engineering,Software Engineering,2025-10-26,1
20,586,Data & Analytics,Customer Support,2026-02-06,0
21,243,Sales,Data & Analytics,2025-11-13,1
22,582,Data & Analytics,Finance & Accounting,2025-10-21,1
23,275,Design,Data & Analytics,2026-04-15,0
24,341,Sales,Design,2025-12-28,0
25,245,Data & Analytics,Software Engineering,2026-04-15,0
26,75,Software Engineering,Software Engineering,2025-12-29,0
27,497,Sales,Sales,2026-04-13,0
28,161,Design,Finance & Accounting,2026-01-21,0
29,508,Software Engineering,Data & Analytics,2025-09-16,0
30,179,Marketing,Software Engineering,2026-03-12,0
31,72,Design,Sales,2025-10-25,0
32,98,Finance & Accounting,Customer Support,2025-10-18,0
33,4,Customer Support,Sales,2025-10-26,1
34,481,Operations,Data & Analytics,2025-09-14,1
35,520,Finance & Accounting,Design,2025-12-07,0
36,429,Data & Analytics,Finance & Accounting,2026-01-03,0
37,89,Data & Analytics,Sales,2025-09-26,0
38,411,Software Engineering,Finance & Accounting,2025-11-15,1
39,191,Marketing,Operations,2026-02-17,1
40,598,Sales,Marketing,2026-02-03,1
41,358,Customer Support,Sales,2025-08-23,1
42,12,Marketing,Design,2026-04-02,0
43,248,Customer Support,Software Engineering,2025-09-19,1
44,178,Software Engineering,Customer Support,2025-08-25,0
45,427,Operations,Customer Support,2026-02-09,1
46,47,Customer Support,Marketing,2026-01-15,0
47,412,Operations,Design,2025-10-21,0
48,30,Finance & Accounting,Design,2025-08-27,0
49,299,Marketing,Data & Analytics,2025-10-12,0
50,92,Marketing,Customer Support,2025-11-09,0
51,49,Operations,Marketing,2026-03-16,0
52,541,Marketing,Marketing,2025-10-20,1
53,54,Finance & Accounting,Finance & Accounting,2025-10-27,1
54,411,Marketing,Marketing,2025-08-18,0
55,324,Operations,Finance & Accounting,2025-11-23,1
56,120,Design,Design,2025-10-07,0
57,238,Sales,Software Engineering,2025-12-25,1
58,505,Software Engineering,Sales,2025-09-10,0
59,88,Data & Analytics,Marketing,2025-11-12,1
60,368,Design,Data & Analytics,2026-04-17,1
61,338,Marketing,Customer Support,2025-12-20,0
62,325,Operations,Marketing,2025-08-16,0
63,121,Sales,Marketing,2026-02-03,1
64,312,Design,Customer Support,2025-09-27,0
65,342,Finance & Accounting,Design,2025-10-06,0
66,59,Finance & Accounting,Software Engineering,2026-03-02,0
67,238,Software Engineering,Customer Support,2026-01-21,0
68,18,Customer Support,Software Engineering,2025-10-09,0
69,103,Customer Support,Sales,2026-04-08,0
70,322,Design,Operations,2025-09-29,1
71,207,Design,Operations,2025-10-01,1
72,364,Data & Analytics,Marketing,2026-02-13,1
73,141,Data & Analytics,Sales,2025-10-13,0
74,224,Design,Data & Analytics,2025-09-02,0
75,535,Marketing,Design,2025-12-09,0
76,597,Finance & Accounting,Customer Support,2025-10-02,0
77,23,Marketing,Customer Support,2026-01-20,1
78,268,Sales,Operations,2025-12-10,0
79,371,Operations,Marketing,2025-11-22,0
80,210,Operations,Operations,2026-02-07,0
81,349,Design,Design,2026-03-20,0
82,69,Finance & Accounting,Software Engineering,2026-03-16,1
83,139,Finance & Accounting,Software Engineering,2025-08-16,0
84,354,Finance & Accounting,Sales,2026-03-21,0
85,430,Customer Support,Operations,2026-02-06,0
86,356,Operations,Customer Support,2026-03-22,1
87,382,Data & Analytics,Software Engineering,2026-03-01,0
88,209,Design,Design,2026-03-05,0
89,539,Finance & Accounting,Finance & Accounting,2026-01-04,1
90,302,Marketing,Sales,2026-01-19,0
91,482,Design,Sales,2026-02-19,0
92,220,Design,Design,2026-02-20,0
93,123,Operations,Design,2026-02-15,0
94,461,Software Engineering,Software Engineering,2025-11-04,0
95,159,Software Engineering,Data & Analytics,2026-04-09,1
96,136,Sales,Operations,2025-10-22,0
97,298,Design,Customer Support,2025-12-21,0
98,80,Marketing,Customer Support,2026-03-20,0
99,356,Sales,Customer Support,2025-12-28,0
100,378,Marketing,Operations,2025-08-17,0
101,580,Operations,Customer Support,2026-03-20,1
102,256,Customer Support,Software Engineering,2025-08-21,0
103,60,Design,Design,2025-12-19,1
104,132,Operations,Finance & Accounting,2025-12-06,0
105,515,Operations,Design,2026-01-07,0
106,258,Design,Finance & Accounting,2025-08-24,0
107,25,Finance & Accounting,Operations,2026-04-16,0
108,484,Operations,Software Engineering,2025-11-05,0
109,339,Customer Support,Customer Support,2025-09-30,1
110,390,Operations,Software Engineering,2026-02-11,0
111,151,Finance & Accounting,Finance & Accounting,2026-01-12,0
112,388,Customer Support,Marketing,2025-12-17,0
113,456,Data & Analytics,Marketing,2025-10-08,0
114,39,Marketing,Marketing,2025-12-06,0
115,58,Customer Support,Customer Support,2026-03-26,0
116,73,Data & Analytics,Customer Support,2026-01-16,0
117,87,Marketing,Data & Analytics,2026-03-17,0
118,267,Customer Support,Software Engineering,2026-02-12,1
119,265,Finance & Accounting,Finance & Accounting,2026-03-31,0
120,115,Sales,Marketing,2025-09-25,0
121,185,Operations,Customer Support,2026-01-07,1
122,421,Customer Support,Marketing,2026-01-19,1
123,458,Software Engineering,Data & Analytics,2026-03-15,0
124,440,Finance & Accounting,Design,2025-10-11,0
125,320,Customer Support,Design,2025-12-15,0
126,383,Design,Sales,2025-10-24,1
127,575,Customer Support,Operations,2026-01-16,0
128,465,Design,Sales,2026-02-09,0
129,137,Software Engineering,Sales,2026-01-27,1
130,404,Design,Marketing,2026-04-20,1
131,530,Customer Support,Operations,2026-01-28,0
132,82,Customer Support,Customer Support,2026-04-02,1
133,531,Finance & Accounting,Operations,2025-09-12,0
134,344,Sales,Operations,2026-02-18,0
135,137,Operations,Design,2026-02-02,0
136,119,Marketing,Customer Support,2026-03-29,0
137,452,Sales,Design,2025-08-29,0
138,60,Operations,Finance & Accounting,2025-12-09,0
139,540,Sales,Customer Support,2025-11-10,0
140,427,Operations,Data & Analytics,2026-02-23,0
141,545,Design,Data & Analytics,2025-11-11,0
142,266,Data & Analytics,Finance & Accounting,2025-09-27,0
143,28,Operations,Sales,2026-01-01,0
144,526,Design,Data & Analytics,2026-01-24,0
145,58,Marketing,Customer Support,2026-02-09,1
146,173,Finance & Accounting,Sales,2025-10-09,1
147,351,Operations,Design,2026-03-31,0
148,164,Finance & Accounting,Software Engineering,2026-04-28,0
149,3,Design,Operations,2026-03-08,0
150,321,Data & Analytics,Customer Support,2025-12-22,0
151,436,Operations,Software Engineering,2026-02-18,0
152,409,Sales,Data & Analytics,2025-08-20,1
153,324,Operations,Marketing,2026-02-03,0
154,73,Sales,Data & Analytics,2025-12-16,0
155,125,Software Engineering,Sales,2026-01-05,0
156,115,Customer Support,Finance & Accounting,2025-09-11,0
157,165,Operations,Operations,2025-12-03,0
158,13,Marketing,Customer Support,2026-01-26,0
159,110,Finance & Accounting,Sales,2025-12-27,0
160,425,Software Engineering,Design,2025-08-14,0
161,157,Operations,Marketing,2025-11-25,0
162,60,Sales,Finance & Accounting,2026-02-08,0
163,117,Marketing,Sales,2025-08-16,1
164,387,Sales,Customer Support,2025-11-18,0
165,278,Design,Sales,2025-09-08,0
166,583,Finance & Accounting,Customer Support,2026-03-31,0
167,468,Data & Analytics,Marketing,2025-09-08,0
168,204,Operations,Sales,2025-10-18,0
169,331,Finance & Accounting,Design,2025-12-11,1
170,403,Software Engineering,Marketing,2026-01-02,0
171,596,Finance & Accounting,Sales,2025-10-21,1
172,221,Software Engineering,Data & Analytics,2025-12-22,0
173,25,Data & Analytics,Operations,2026-01-16,0
174,234,Data & Analytics,Sales,2025-12-03,0
175,207,Marketing,Finance & Accounting,2026-02-21,1
176,428,Marketing,Marketing,2025-12-18,0
177,159,Operations,Finance & Accounting,2026-01-08,0
178,398,Design,Customer Support,2025-10-19,0
179,479,Data & Analytics,Software Engineering,2026-02-13,1
180,563,Design,Sales,2026-04-13,1
181,292,Customer Support,Marketing,2026-04-13,0
182,24,Software Engineering,Marketing,2026-04-12,0
183,418,Design,Data & Analytics,2025-11-09,0
184,514,Software Engineering,Sales,2025-11-08,1
185,52,Marketing,Customer Support,2026-02-23,0
186,525,Design,Customer Support,2025-10-19,1
187,462,Design,Finance & Accounting,2026-04-15,0
188,19,Operations,Operations,2025-08-14,0
189,1,Software Engineering,Software Engineering,2026-01-17,0
190,147,Operations,Finance & Accounting,2025-09-23,1
191,42,Data & Analytics,Design,2026-04-24,0
192,360,Data & Analytics,Finance & Accounting,2025-10-14,0
193,599,Operations,Sales,2025-08-26,0
194,140,Operations,Sales,2026-02-28,0
195,502,Software Engineering,Customer Support,2025-10-04,1
196,181,Software Engineering,Finance & Accounting,2025-11-29,0
197,118,Design,Customer Support,2026-04-22,1
198,120,Finance & Accounting,Sales,2025-09-09,0
199,299,Marketing,Sales,2025-10-21,0
200,455,Customer Support,Operations,2026-02-20,0
201,174,Operations,Software Engineering,2025-09-11,0
202,483,Software Engineering,Software Engineering,2025-12-23,0
203,30,Software Engineering,Operations,2025-09-01,0
204,294,Sales,Data & Analytics,2025-12-03,0
205,550,Sales,Software Engineering,2025-11-08,0
206,526,Design,Customer Support,2025-11-25,0
207,104,Marketing,Software Engineering,2025-12-05,1
208,82,Operations,Marketing,2025-10-11,1
209,94,Marketing,Design,2026-02-16,0
210,199,Customer Support,Operations,2025-12-27,0
211,231,Operations,Software Engineering,2025-10-01,0
212,248,Customer Support,Marketing,2025-11-16,0
213,416,Operations,Finance & Accounting,2025-12-02,0
214,508,Sales,Data & Analytics,2025-12-18,0
215,414,Design,Data & Analytics,2025-12-22,0
216,460,Marketing,Customer Support,2026-03-14,0
217,109,Software Engineering,Design,2026-04-18,0
218,41,Finance & Accounting,Operations,2026-04-14,1
219,209,Design,Design,2026-01-01,0
220,208,Customer Support,Sales,2026-01-23,0
221,428,Finance & Accounting,Marketing,2025-12-27,1
222,310,Operations,Data & Analytics,2025-08-16,0
223,350,Marketing,Software Engineering,2026-04-10,1
224,75,Sales,Finance & Accounting,2025-09-11,0
225,444,Data & Analytics,Sales,2026-03-06,1
226,68,Software Engineering,Sales,2026-03-24,0
227,32,Sales,Operations,2025-12-09,0
228,21,Design,Finance & Accounting,2026-04-28,0
229,167,Customer Support,Operations,2025-12-29,0
230,335,Data & Analytics,Finance & Accounting,2026-03-13,1
231,596,Operations,Design,2026-04-12,0
232,49,Data & Analytics,Software Engineering,2026-04-16,0
233,361,Marketing,Data & Analytics,2025-09-30,0
234,591,Sales,Operations,2025-12-10,0
235,218,Finance & Accounting,Operations,2026-01-26,0
236,250,Design,Marketing,2025-10-10,0
237,311,Data & Analytics,Finance & Accounting,2026-04-28,0
238,36,Marketing,Sales,2025-11-17,0
239,427,Software Engineering,Software Engineering,2026-03-09,0
240,105,Design,Customer Support,2025-10-26,0
241,221,Design,Customer Support,2026-04-14,1
242,150,Data & Analytics,Customer Support,2025-12-11,0
243,460,Customer Support,Software Engineering,2025-09-19,1
244,550,Design,Marketing,2025-10-30,0
245,536,Customer Support,Finance & Accounting,2025-11-10,0
246,357,Data & Analytics,Marketing,2025-09-13,0
247,251,Marketing,Marketing,2026-02-11,1
248,204,Customer Support,Customer Support,2026-02-25,1
249,547,Software Engineering,Sales,2025-09-05,1
250,420,Customer Support,Sales,2025-11-02,1
251,541,Data & Analytics,Software Engineering,2026-01-24,0
252,141,Software Engineering,Design,2025-12-16,1
253,484,Operations,Operations,2026-04-20,0
254,457,Marketing,Operations,2025-11-30,0
255,396,Design,Marketing,2025-11-22,0
256,272,Sales,Software Engineering,2025-08-14,0
257,451,Design,Data & Analytics,2026-03-07,0
258,179,Design,Operations,2026-01-26,0
259,32,Software Engineering,Marketing,2025-09-20,0
260,394,Software Engineering,Operations,2025-09-09,1
261,322,Operations,Data & Analytics,2025-12-13,0
262,483,Design,Design,2025-10-03,0
263,57,Sales,Data & Analytics,2026-01-09,1
264,24,Sales,Design,2026-02-22,1
265,545,Operations,Sales,2025-08-20,0
266,538,Sales,Operations,2025-08-24,0
267,528,Software Engineering,Marketing,2025-12-31,1
268,406,Finance & Accounting,Customer Support,2026-03-01,1
269,311,Finance & Accounting,Sales,2026-02-21,0
270,249,Design,Customer Support,2025-08-18,0
271,213,Software Engineering,Finance & Accounting,2026-04-12,0
272,494,Marketing,Data & Analytics,2025-10-07,0
273,464,Finance & Accounting,Marketing,2025-11-18,1
274,546,Finance & Accounting,Finance & Accounting,2026-02-14,0
275,173,Software Engineering,Sales,2026-01-10,0
276,445,Customer Support,Finance & Accounting,2026-04-28,0
277,337,Design,Finance & Accounting,2026-04-19,0
278,501,Software Engineering,Software Engineering,2025-11-27,1
279,407,Finance & Accounting,Software Engineering,2026-02-22,0
280,567,Software Engineering,Customer Support,2025-09-29,0
281,458,Operations,Operations,2026-02-23,0
282,102,Sales,Sales,2025-10-08,1
283,220,Sales,Software Engineering,2026-01-11,1
284,387,Design,Design,2025-12-05,1
285,329,Operations,Design,2025-10-03,1
286,449,Design,Marketing,2025-09-20,1
287,560,Operations,Finance & Accounting,2025-12-12,1
288,486,Sales,Finance & Accounting,2025-09-08,0
289,191,Software Engineering,Finance & Accounting,2025-10-23,1
290,240,Finance & Accounting,Data & Analytics,2025-12-20,0
291,419,Finance & Accounting,Design,2025-10-10,0
292,559,Operations,Software Engineering,2025-11-21,0
293,404,Marketing,Sales,2026-01-03,0
294,197,Operations,Sales,2026-02-16,1
295,154,Design,Finance & Accounting,2025-11-29,1
296,269,Marketing,Data & Analytics,2026-03-15,0
297,30,Operations,Sales,2026-01-06,0
298,552,Design,Data & Analytics,2025-08-23,0
299,373,Marketing,Design,2026-03-24,0
300,401,Data & Analytics,Marketing,2026-03-05,1
301,104,Operations,Finance & Accounting,2025-08-15,0
302,42,Finance & Accounting,Customer Support,2026-02-04,0
303,479,Software Engineering,Data & Analytics,2025-09-20,0
304,510,Data & Analytics,Sales,2025-09-25,0
305,426,Data & Analytics,Software Engineering,2025-12-18,0
306,29,Software Engineering,Software Engineering,2025-09-27,0
307,259,Data & Analytics,Customer Support,2026-02-06,0
308,369,Sales,Software Engineering,2025-12-21,0
309,530,Customer Support,Finance & Accounting,2026-01-24,0
310,392,Design,Customer Support,2025-09-09,0
311,68,Design,Operations,2026-04-21,0
312,109,Finance & Accounting,Finance & Accounting,2026-04-06,1
313,273,Finance & Accounting,Sales,2025-12-30,0
314,393,Software Engineering,Data & Analytics,2026-03-18,0
315,64,Customer Support,Sales,2025-08-27,0
316,223,Software Engineering,Operations,2026-02-22,0
317,235,Design,Design,2026-03-17,0
318,436,Data & Analytics,Customer Support,2026-03-29,0
319,265,Data & Analytics,Marketing,2025-12-25,1
320,188,Sales,Data & Analytics,2026-04-12,0
321,239,Software Engineering,Finance & Accounting,2026-04-01,0
322,364,Sales,Data & Analytics,2025-10-11,1
323,190,Data & Analytics,Design,2026-01-15,1
324,235,Finance & Accounting,Design,2025-12-23,1
325,533,Operations,Design,2026-04-22,0
326,594,Operations,Marketing,2025-11-06,0
327,440,Design,Data & Analytics,2025-10-27,0
328,536,Customer Support,Customer Support,2026-01-09,0
329,447,Data & Analytics,Design,2025-10-08,0
330,329,Marketing,Marketing,2026-01-10,1
331,395,Marketing,Software Engineering,2026-03-26,0
332,281,Sales,Marketing,2026-02-09,0
333,452,Operations,Design,2025-10-05,0
334,222,Software Engineering,Operations,2025-10-19,0
335,428,Data & Analytics,Software Engineering,2026-01-11,0
336,19,Software Engineering,Finance & Accounting,2025-10-15,0
337,132,Customer Support,Operations,2025-11-29,1
338,500,Finance & Accounting,Software Engineering,2025-11-20,0
339,475,Finance & Accounting,Data & Analytics,2026-01-13,0
340,276,Customer Support,Software Engineering,2026-04-10,0
341,91,Marketing,Finance & Accounting,2025-09-18,0
342,452,Software Engineering,Operations,2025-10-01,1
343,250,Finance & Accounting,Sales,2026-02-19,0
344,571,Data & Analytics,Sales,2025-10-28,1
345,364,Operations,Data & Analytics,2025-09-05,1
346,169,Design,Marketing,2026-03-19,0
347,287,Marketing,Sales,2025-10-03,0
348,517,Customer Support,Software Engineering,2026-03-31,0
349,528,Data & Analytics,Customer Support,2026-01-24,0
350,92,Data & Analytics,Operations,2025-10-03,1
351,405,Software Engineering,Operations,2026-03-07,0
352,337,Operations,Software Engineering,2025-08-27,0
353,109,Sales,Data & Analytics,2026-02-12,0
354,36,Customer Support,Operations,2025-08-27,0
355,412,Finance & Accounting,Finance & Accounting,2025-12-10,0
356,52,Finance & Accounting,Data & Analytics,2026-03-19,0
357,5,Design,Operations,2025-11-08,0
358,469,Finance & Accounting,Software Engineering,2026-04-28,0
359,552,Finance & Accounting,Software Engineering,2025-08-27,0
360,201,Marketing,Finance & Accounting,2026-02-02,0
361,299,Operations,Marketing,2025-10-06,0
362,195,Software Engineering,Software Engineering,2025-12-12,1
363,492,Sales,Data & Analytics,2025-10-05,0
364,351,Software Engineering,Design,2025-09-09,1
365,230,Marketing,Design,2025-08-27,0
366,147,Software Engineering,Operations,2025-12-13,1
367,479,Operations,Data & Analytics,2025-12-24,0
368,478,Sales,Data & Analytics,2026-02-06,0
369,163,Design,Sales,2026-02-12,1
370,11,Operations,Operations,2025-08-25,0
371,550,Design,Operations,2026-01-10,0
372,355,Operations,Finance & Accounting,2025-11-22,0
373,101,Sales,Finance & Accounting,2026-02-05,0
374,136,Sales,Data & Analytics,2026-01-24,0
375,253,Finance & Accounting,Operations,2025-08-25,0
376,148,Operations,Finance & Accounting,2026-02-28,0
377,459,Design,Data & Analytics,2026-03-10,0
378,163,Finance & Accounting,Software Engineering,2026-02-14,0
379,94,Design,Customer Support,2026-03-17,0
380,57,Design,Sales,2025-08-24,1
381,421,Operations,Software Engineering,2026-04-07,1
382,184,Finance & Accounting,Marketing,2025-10-03,0
383,8,Operations,Operations,2025-11-26,1
384,36,Marketing,Finance & Accounting,2026-01-05,1
385,97,Data & Analytics,Customer Support,2026-04-27,0
386,546,Marketing,Customer Support,2025-11-25,1
387,525,Finance & Accounting,Data & Analytics,2025-08-25,1
388,168,Design,Sales,2025-09-09,0
389,390,Data & Analytics,Sales,2026-03-30,1
390,118,Software Engineering,Sales,2025-11-24,1
391,266,Design,Operations,2025-11-27,0
392,107,Software Engineering,Marketing,2025-11-02,0
393,19,Data & Analytics,Marketing,2025-10-02,1
394,356,Operations,Customer Support,2025-10-07,0
395,575,Finance & Accounting,Customer Support,2026-01-04,0
396,485,Operations,Customer Support,2025-12-25,0
397,594,Design,Marketing,2026-03-30,1
398,376,Marketing,Customer Support,2025-08-13,0
399,173,Operations,Software Engineering,2025-10-03,0
400,415,Operations,Software Engineering,2026-03-29,0
401,442,Sales,Sales,2025-08-23,0
402,434,Design,Customer Support,2025-10-27,0
403,156,Operations,Design,2025-11-18,0
404,252,Data & Analytics,Customer Support,2026-01-16,1
405,484,Marketing,Marketing,2025-09-13,1
406,417,Marketing,Software Engineering,2026-03-10,1
407,116,Customer Support,Data & Analytics,2026-02-22,0
408,224,Sales,Data & Analytics,2026-02-01,0
409,131,Operations,Marketing,2026-02-13,0
410,339,Design,Marketing,2026-04-03,0
411,543,Finance & Accounting,Customer Support,2025-11-22,0
412,3,Operations,Software Engineering,2026-01-10,0
413,429,Sales,Data & Analytics,2026-02-09,0
414,332,Finance & Accounting,Sales,2026-01-14,1
415,96,Design,Software Engineering,2025-10-28,0
416,50,Design,Customer Support,2026-04-13,0
417,255,Finance & Accounting,Customer Support,2025-09-13,1
418,441,Software Engineering,Software Engineering,2025-12-06,1
419,311,Customer Support,Data & Analytics,2025-12-16,0
420,15,Finance & Accounting,Finance & Accounting,2025-12-03,0
421,172,Design,Marketing,2026-04-25,0
422,179,Operations,Marketing,2026-04-08,1
423,208,Finance & Accounting,Sales,2026-03-07,0
424,142,Finance & Accounting,Data & Analytics,2026-03-02,1
425,67,Operations,Design,2025-08-20,0
426,21,Finance & Accounting,Sales,2026-02-06,1
427,539,Customer Support,Operations,2025-10-07,1
428,226,Customer Support,Customer Support,2026-03-05,0
429,439,Data & Analytics,Data & Analytics,2025-12-03,0
430,159,Customer Support,Sales,2025-11-22,0
431,597,Operations,Customer Support,2025-11-25,0
432,380,Sales,Data & Analytics,2026-04-08,0
433,25,Operations,Customer Support,2025-12-07,0
434,60,Customer Support,Sales,2025-10-10,1
435,342,Design,Marketing,2026-03-23,0
436,23,Data & Analytics,Marketing,2026-04-21,0
437,468,Customer Support,Design,2026-01-21,1
438,164,Design,Marketing,2026-01-23,1
439,266,Design,Sales,2025-09-19,1
440,28,Marketing,Marketing,2025-12-07,0
441,257,Software Engineering,Finance & Accounting,2025-12-22,1
442,337,Sales,Design,2025-09-07,1
443,181,Operations,Finance & Accounting,2025-10-04,1
444,261,Operations,Design,2025-09-28,1
445,43,Marketing,Data & Analytics,2025-08-14,0
446,74,Operations,Customer Support,2025-11-08,0
447,385,Marketing,Marketing,2025-09-20,0
448,587,Operations,Design,2026-02-11,0
449,378,Finance & Accounting,Marketing,2026-02-02,1
450,391,Operations,Operations,2025-09-20,1
451,587,Data & Analytics,Customer Support,2026-04-17,1
452,560,Marketing,Customer Support,2025-10-04,0
453,200,Software Engineering,Marketing,2025-10-31,0
454,45,Operations,Design,2025-12-27,1
455,413,Finance & Accounting,Sales,2026-04-26,1
456,232,Data & Analytics,Sales,2025-12-28,0
457,567,Sales,Marketing,2025-08-24,1
458,244,Marketing,Software Engineering,2026-04-27,0
459,534,Finance & Accounting,Software Engineering,2026-01-03,1
460,94,Finance & Accounting,Data & Analytics,2026-01-30,1
461,460,Operations,Marketing,2026-03-04,0
462,251,Design,Software Engineering,2026-01-17,1
463,176,Operations,Marketing,2025-12-05,0
464,574,Data & Analytics,Finance & Accounting,2025-08-20,0
465,404,Design,Operations,2026-01-13,1
466,366,Sales,Data & Analytics,2025-10-04,1
467,142,Customer Support,Customer Support,2025-12-20,1
468,143,Customer Support,Software Engineering,2026-02-07,1
469,590,Sales,Customer Support,2026-03-03,1
470,404,Marketing,Finance & Accounting,2026-01-08,1
471,239,Design,Finance & Accounting,2026-03-23,1
472,19,Customer Support,Sales,2025-10-10,0
473,163,Data & Analytics,Sales,2025-10-14,1
474,568,Data & Analytics,Finance & Accounting,2026-04-10,1
475,173,Data & Analytics,Marketing,2026-02-02,0
476,41,Sales,Software Engineering,2026-01-23,0
477,487,Customer Support,Operations,2025-11-27,0
478,462,Finance & Accounting,Operations,2026-01-12,0
479,334,Design,Data & Analytics,2025-08-20,1
480,296,Operations,Finance & Accounting,2025-10-09,0
481,329,Software Engineering,Design,2026-03-10,0
482,9,Customer Support,Customer Support,2025-10-29,1
483,355,Design,Finance & Accounting,2026-03-13,1
484,316,Design,Customer Support,2025-08-21,1
485,348,Marketing,Design,2025-11-13,0
486,448,Operations,Finance & Accounting,2025-09-05,0
487,396,Software Engineering,Marketing,2025-11-20,1
488,103,Software Engineering,Operations,2026-02-17,1
489,360,Marketing,Marketing,2025-10-29,0
490,587,Operations,Design,2025-08-15,1
491,257,Software Engineering,Data & Analytics,2026-04-09,1
492,45,Design,Operations,2025-12-18,0
493,588,Data & Analytics,Customer Support,2026-04-15,0
494,544,Finance & Accounting,Software Engineering,2026-03-05,0
495,445,Sales,Customer Support,2026-03-17,0
496,468,Marketing,Software Engineering,2026-01-23,0
497,515,Finance & Accounting,Customer Support,2025-12-11,0
498,56,Software Engineering,Operations,2026-04-28,0
499,206,Software Engineering,Finance & Accounting,2025-11-27,0
500,73,Software Engineering,Operations,2026-03-06,0
501,487,Sales,Marketing,2026-04-22,1
502,406,Operations,Finance & Accounting,2025-09-21,0
503,21,Finance & Accounting,Customer Support,2025-10-01,0
504,65,Software Engineering,Operations,2026-04-11,1
505,17,Customer Support,Sales,2026-01-12,1
506,124,Sales,Sales,2026-03-13,0
507,446,Data & Analytics,Customer Support,2026-04-17,0
508,299,Marketing,Software Engineering,2026-01-04,0
509,369,Design,Operations,2026-03-27,0
510,28,Data & Analytics,Marketing,2026-02-03,0
511,416,Data & Analytics,Sales,2025-08-31,0
512,234,Data & Analytics,Data & Analytics,2026-01-21,0
513,306,Design,Sales,2025-08-17,0
514,435,Marketing,Sales,2025-09-23,1
515,102,Sales,Marketing,2025-09-22,0
516,554,Design,Marketing,2026-02-19,1
517,399,Design,Data & Analytics,2025-12-16,0
518,98,Marketing,Software Engineering,2026-03-27,0
519,89,Data & Analytics,Design,2026-01-14,1
520,517,Marketing,Customer Support,2025-11-11,0
521,422,Design,Finance & Accounting,2025-10-19,0
522,53,Design,Design,2025-11-17,0
523,251,Finance & Accounting,Sales,2025-11-06,1
524,140,Design,Finance & Accounting,2025-09-19,0
525,473,Data & Analytics,Marketing,2025-10-15,0
526,208,Finance & Accounting,Finance & Accounting,2026-04-15,0
527,340,Customer Support,Customer Support,2026-04-20,1
528,45,Marketing,Finance & Accounting,2025-12-06,0
529,276,Customer Support,Customer Support,2026-03-21,0
530,30,Customer Support,Finance & Accounting,2025-09-30,0
531,326,Operations,Marketing,2025-10-08,1
532,297,Design,Customer Support,2026-02-19,0
533,355,Operations,Marketing,2025-08-31,0
534,102,Operations,Sales,2026-02-23,0
535,253,Marketing,Sales,2026-02-20,0
536,125,Customer Support,Customer Support,2026-04-07,0
537,350,Marketing,Customer Support,2025-12-05,0
538,174,Sales,Sales,2025-09-29,1
539,30,Customer Support,Sales,2025-09-16,1
540,218,Marketing,Customer Support,2025-10-07,0
541,489,Marketing,Finance & Accounting,2025-12-23,1
542,389,Software Engineering,Finance & Accounting,2025-09-25,0
543,567,Marketing,Operations,2025-09-01,0
544,459,Design,Design,2025-09-15,0
545,415,Data & Analytics,Operations,2025-09-13,1
546,426,Operations,Data & Analytics,2025-08-15,1
547,89,Software Engineering,Data & Analytics,2026-02-01,0
548,580,Sales,Finance & Accounting,2026-02-08,0
549,12,Sales,Operations,2025-12-07,1
550,176,Finance & Accounting,Customer Support,2026-03-22,0
551,487,Operations,Marketing,2025-12-02,0
552,170,Customer Support,Data & Analytics,2026-02-21,1
553,431,Software Engineering,Operations,2026-01-26,0
554,355,Marketing,Finance & Accounting,2025-08-23,1
555,213,Software Engineering,Data & Analytics,2025-10-03,1
556,225,Finance & Accounting,Design,2026-03-06,0
557,199,Data & Analytics,Data & Analytics,2026-03-08,0
558,195,Sales,Marketing,2026-01-16,0
559,122,Finance & Accounting,Software Engineering,2025-10-10,1
560,261,Software Engineering,Marketing,2025-09-12,0
561,541,Customer Support,Sales,2026-02-01,0
562,565,Customer Support,Design,2025-12-14,0
563,99,Sales,Marketing,2025-11-13,0
564,538,Finance & Accounting,Operations,2026-03-07,0
565,533,Customer Support,Customer Support,2025-10-28,0
566,589,Software Engineering,Customer Support,2026-01-01,0
567,73,Finance & Accounting,Customer Support,2025-11-06,0
568,492,Software Engineering,Marketing,2026-03-05,0
569,87,Software Engineering,Sales,2025-09-20,0
570,385,Data & Analytics,Operations,2026-02-20,0
571,276,Marketing,Operations,2025-11-07,0
572,156,Operations,Sales,2025-11-18,0
573,159,Customer Support,Sales,2025-10-16,0
574,6,Marketing,Customer Support,2026-04-27,0
575,413,Sales,Data & Analytics,2026-02-03,1
576,438,Design,Sales,2026-03-01,0
577,306,Software Engineering,Design,2026-03-02,0
578,477,Customer Support,Marketing,2025-09-22,0
579,293,Marketing,Marketing,2025-11-05,1
580,212,Design,Marketing,2025-08-16,0
581,428,Sales,Customer Support,2025-11-09,0
582,243,Finance & Accounting,Sales,2025-09-12,0
583,287,Sales,Design,2026-04-11,0
584,317,Finance & Accounting,Design,2025-11-17,0
585,186,Marketing,Operations,2025-08-23,0
586,543,Finance & Accounting,Software Engineering,2025-11-23,1
587,452,Sales,Marketing,2025-09-28,0
588,464,Data & Analytics,Marketing,2026-02-12,0
589,336,Data & Analytics,Design,2026-01-03,0
590,384,Design,Design,2026-02-19,1
591,18,Marketing,Software Engineering,2025-08-29,0
592,320,Customer Support,Software Engineering,2025-12-20,0
593,14,Data & Analytics,Operations,2025-10-01,0
594,216,Software Engineering,Operations,2025-10-09,0
595,72,Customer Support,Sales,2025-12-30,0
596,264,Design,Design,2025-12-29,0
597,307,Customer Support,Sales,2025-09-20,1
598,254,Marketing,Marketing,2026-01-12,0
599,326,Finance & Accounting,Sales,2026-04-06,0
600,141,Design,Customer Support,2026-03-12,0
601,305,Operations,Operations,2025-11-28,0
602,371,Marketing,Sales,2025-08-31,0
603,198,Sales,Design,2025-08-30,0
604,422,Data & Analytics,Design,2026-01-01,0
605,73,Sales,Sales,2025-10-20,0
606,181,Software Engineering,Data & Analytics,2026-01-05,1
607,586,Marketing,Data & Analytics,2026-01-16,0
608,311,Marketing,Data & Analytics,2025-10-04,0
609,11,Software Engineering,Marketing,2026-01-29,1
610,391,Data & Analytics,Finance & Accounting,2025-09-07,0
611,410,Data & Analytics,Customer Support,2025-10-04,0
612,273,Operations,Operations,2025-09-18,0
613,51,Operations,Data & Analytics,2025-10-22,0
614,415,Finance & Accounting,Software Engineering,2026-04-25,0
615,284,Marketing,Sales,2026-04-22,0
616,171,Design,Finance & Accounting,2026-03-03,0
617,440,Operations,Design,2026-03-06,0
618,477,Marketing,Software Engineering,2026-04-15,1
619,109,Sales,Customer Support,2025-09-01,1
620,534,Design,Marketing,2026-01-30,1
621,586,Finance & Accounting,Marketing,2026-01-11,0
622,312,Operations,Operations,2026-01-24,0
623,381,Marketing,Design,2025-09-25,0
624,563,Marketing,Marketing,2025-12-03,0
625,163,Software Engineering,Data & Analytics,2025-11-01,0
626,79,Data & Analytics,Sales,2026-01-09,0
627,64,Data & Analytics,Finance & Accounting,2026-01-14,1
628,275,Data & Analytics,Data & Analytics,2026-03-15,1
629,349,Customer Support,Data & Analytics,2025-11-19,0
630,178,Operations,Operations,2025-08-25,0
631,341,Operations,Data & Analytics,2026-01-04,0
632,468,Design,Customer Support,2025-12-02,0
633,145,Finance & Accounting,Marketing,2025-12-08,0
634,577,Finance & Accounting,Data & Analytics,2026-01-28,0
635,225,Software Engineering,Sales,2026-04-17,0
636,483,Software Engineering,Design,2025-08-24,1
637,306,Data & Analytics,Software Engineering,2025-09-17,1
638,358,Finance & Accounting,Marketing,2025-10-25,1
639,483,Design,Marketing,2026-04-24,0
640,38,Sales,Customer Support,2025-11-26,1
641,558,Customer Support,Design,2026-02-08,0
642,68,Finance & Accounting,Finance & Accounting,2025-08-15,0
643,528,Software Engineering,Software Engineering,2026-03-14,0
644,341,Operations,Design,2025-09-24,0
645,200,Design,Marketing,2026-04-28,0
646,535,Design,Design,2026-02-03,0
647,560,Marketing,Software Engineering,2026-01-31,1
648,10,Data & Analytics,Software Engineering,2026-02-10,0
649,219,Customer Support,Finance & Accounting,2026-01-12,0
650,518,Data & Analytics,Marketing,2026-01-05,0
651,77,Finance & Accounting,Sales,2025-09-06,1
652,528,Data & Analytics,Customer Support,2025-12-21,1
653,149,Marketing,Marketing,2025-09-14,0
654,62,Operations,Customer Support,2025-12-02,0
655,333,Customer Support,Operations,2026-03-01,0
656,98,Data & Analytics,Finance & Accounting,2026-04-27,0
657,387,Finance & Accounting,Data & Analytics,2025-12-23,0
658,507,Sales,Marketing,2025-11-18,0
659,257,Design,Operations,2026-01-30,1
660,565,Software Engineering,Design,2025-12-03,0
661,463,Finance & Accounting,Sales,2025-09-25,1
662,412,Operations,Marketing,2026-04-01,0
663,60,Data & Analytics,Marketing,2026-02-26,1
664,204,Customer Support,Software Engineering,2026-02-13,0
665,528,Operations,Finance & Accounting,2025-08-20,0
666,320,Finance & Accounting,Design,2026-04-03,0
667,466,Design,Operations,2026-03-20,0
668,315,Design,Marketing,2026-02-26,0
669,319,Design,Customer Support,2026-03-17,0
670,427,Finance & Accounting,Operations,2026-04-26,0
671,111,Marketing,Sales,2025-09-25,0
672,435,Sales,Design,2026-03-01,1
673,484,Software Engineering,Data & Analytics,2025-11-17,0
674,177,Finance & Accounting,Finance & Accounting,2025-11-18,0
675,494,Data & Analytics,Software Engineering,2025-12-24,0
676,207,Customer Support,Customer Support,2025-09-19,1
677,149,Software Engineering,Customer Support,2026-03-18,0
678,538,Software Engineering,Operations,2025-08-17,1
679,12,Design,Operations,2025-10-23,0
680,138,Operations,Sales,2025-09-09,0
681,56,Operations,Finance & Accounting,2025-10-22,0
682,429,Software Engineering,Marketing,2026-01-09,1
683,183,Marketing,Marketing,2025-09-07,1
684,387,Sales,Sales,2025-09-09,1
685,75,Software Engineering,Software Engineering,2026-04-06,0
686,424,Operations,Finance & Accounting,2025-08-23,1
687,599,Marketing,Finance & Accounting,2025-11-04,0
688,112,Design,Finance & Accounting,2026-02-07,0
689,19,Customer Support,Customer Support,2025-12-05,1
690,480,Operations,Software Engineering,2025-12-21,0
691,96,Sales,Marketing,2026-02-16,0
692,322,Marketing,Customer Support,2025-12-23,0
693,449,Sales,Finance & Accounting,2025-08-25,1
694,232,Operations,Design,2026-03-24,1
695,588,Data & Analytics,Finance & Accounting,2025-09-27,0
696,523,Operations,Software Engineering,2026-03-19,0
697,455,Marketing,Design,2025-11-29,0
698,385,Customer Support,Customer Support,2025-11-20,0
699,211,Sales,Data & Analytics,2025-09-30,0
700,486,Sales,Data & Analytics,2025-12-01,0
701,447,Sales,Finance & Accounting,2026-03-23,0
702,49,Customer Support,Design,2026-03-15,1
703,518,Sales,Finance & Accounting,2026-04-21,0
704,127,Marketing,Marketing,2025-09-27,1
705,323,Operations,Software Engineering,2026-03-26,1
706,62,Data & Analytics,Design,2026-02-27,0
707,580,Customer Support,Design,2026-03-12,0
708,383,Finance & Accounting,Sales,2025-12-03,0
709,465,Operations,Marketing,2026-01-27,0
710,278,Finance & Accounting,Finance & Accounting,2025-11-29,0
711,359,Design,Customer Support,2026-04-09,1
712,28,Finance & Accounting,Design,2026-02-24,1
713,369,Software Engineering,Design,2026-04-02,0
714,362,Marketing,Data & Analytics,2026-01-10,0
715,14,Customer Support,Software Engineering,2025-11-29,1
716,297,Sales,Marketing,2026-02-25,0
717,475,Sales,Design,2026-03-28,0
718,67,Operations,Operations,2026-04-09,1
719,300,Design,Marketing,2026-01-02,0
720,352,Operations,Customer Support,2026-01-23,0
721,170,Data & Analytics,Sales,2025-12-22,0
722,531,Finance & Accounting,Sales,2026-04-21,0
723,426,Marketing,Software Engineering,2026-02-13,1
724,338,Design,Operations,2025-08-27,0
725,261,Design,Sales,2025-11-18,1
726,90,Finance & Accounting,Marketing,2026-03-07,1
727,245,Finance & Accounting,Customer Support,2026-03-29,0
728,143,Customer Support,Finance & Accounting,2025-11-17,1
729,373,Design,Data & Analytics,2026-04-06,1
730,284,Finance & Accounting,Operations,2026-02-25,0
731,169,Finance & Accounting,Finance & Accounting,2025-09-02,0
732,54,Sales,Marketing,2026-03-22,1
733,255,Operations,Marketing,2025-11-24,0
734,2,Operations,Design,2025-08-16,0
735,211,Sales,Data & Analytics,2025-08-26,0
736,419,Sales,Operations,2026-01-22,0
737,572,Finance & Accounting,Data & Analytics,2025-12-31,0
738,51,Software Engineering,Marketing,2025-12-04,0
739,541,Sales,Marketing,2025-09-06,1
740,412,Finance & Accounting,Operations,2026-02-28,0
741,320,Marketing,Operations,2025-09-27,0
742,466,Software Engineering,Design,2026-02-08,1
743,322,Software Engineering,Finance & Accounting,2025-08-26,0
744,38,Finance & Accounting,Finance & Accounting,2025-12-11,0
745,374,Operations,Design,2026-01-07,1
746,51,Design,Data & Analytics,2026-03-21,0
747,144,Customer Support,Customer Support,2025-08-17,0
748,386,Operations,Data & Analytics,2025-10-28,1
749,223,Finance & Accounting,Data & Analytics,2025-11-05,1
750,334,Data & Analytics,Operations,2025-11-04,0
751,590,Software Engineering,Customer Support,2026-01-29,0
752,197,Customer Support,Customer Support,2026-03-02,0
753,329,Finance & Accounting,Finance & Accounting,2026-01-14,0
754,324,Software Engineering,Data & Analytics,2026-01-30,1
755,114,Data & Analytics,Marketing,2025-08-19,1
756,557,Design,Marketing,2025-12-01,0
757,402,Operations,Marketing,2026-01-11,0
758,331,Data & Analytics,Data & Analytics,2026-04-09,1
759,472,Customer Support,Customer Support,2025-11-20,1
760,215,Data & Analytics,Operations,2025-08-24,1
761,357,Software Engineering,Sales,2025-09-29,0
762,566,Finance & Accounting,Operations,2025-11-08,0
763,515,Marketing,Design,2025-10-03,0
764,85,Design,Marketing,2026-01-03,0
765,389,Data & Analytics,Marketing,2026-02-19,0
766,565,Software Engineering,Software Engineering,2025-11-15,0
767,497,Marketing,Software Engineering,2026-03-18,0
768,336,Operations,Software Engineering,2026-01-19,0
769,59,Software Engineering,Software Engineering,2025-12-13,0
770,55,Finance & Accounting,Operations,2026-04-03,0
771,534,Customer Support,Operations,2026-02-15,0
772,177,Customer Support,Marketing,2026-03-22,0
773,554,Marketing,Finance & Accounting,2025-12-15,1
774,564,Design,Marketing,2025-10-01,0
775,18,Design,Software Engineering,2025-11-06,0
776,73,Finance & Accounting,Finance & Accounting,2025-11-25,0
777,66,Software Engineering,Sales,2026-04-10,1
778,243,Sales,Finance & Accounting,2025-11-25,1
779,203,Design,Operations,2026-01-20,0
780,348,Operations,Finance & Accounting,2026-01-13,0
781,320,Design,Customer Support,2025-10-06,0
782,529,Sales,Marketing,2025-11-01,1
783,398,Sales,Marketing,2026-03-30,1
784,57,Finance & Accounting,Data & Analytics,2026-04-10,0
785,60,Customer Support,Operations,2025-09-24,0
786,430,Operations,Data & Analytics,2026-01-10,0
787,376,Marketing,Sales,2025-10-30,1
788,81,Operations,Sales,2026-01-03,0
789,321,Software Engineering,Finance & Accounting,2026-02-15,1
790,395,Sales,Sales,2026-04-16,0
791,401,Marketing,Operations,2025-08-21,1
792,449,Marketing,Operations,2025-11-19,0
793,377,Design,Software Engineering,2025-10-02,0
794,494,Design,Operations,2025-11-18,0
795,172,Software Engineering,Sales,2025-12-05,0
796,231,Customer Support,Marketing,2026-01-23,0
797,274,Customer Support,Design,2026-02-10,0
798,38,Finance & Accounting,Software Engineering,2026-02-26,0
799,290,Software Engineering,Sales,2025-12-11,0
800,148,Marketing,Design,2026-04-26,1
801,297,Sales,Software Engineering,2025-08-17,0
802,538,Finance & Accounting,Data & Analytics,2025-09-09,1
803,82,Sales,Sales,2026-04-28,1
804,100,Design,Sales,2025-09-15,0
805,45,Sales,Marketing,2026-03-15,0
806,484,Design,Data & Analytics,2025-08-19,1
807,381,Marketing,Design,2026-01-03,0
808,305,Data & Analytics,Operations,2026-04-20,0
809,439,Design,Design,2026-04-09,1
810,582,Marketing,Design,2026-01-27,1
811,489,Finance & Accounting,Design,2025-09-29,0
812,510,Marketing,Finance & Accounting,2026-01-20,1
813,431,Software Engineering,Design,2025-08-19,1
814,223,Data & Analytics,Customer Support,2025-11-09,0
815,370,Data & Analytics,Sales,2026-02-13,0
816,270,Design,Customer Support,2026-01-26,1
817,462,Design,Data & Analytics,2025-08-29,0
818,196,Marketing,Software Engineering,2026-04-11,0
819,447,Marketing,Customer Support,2025-10-27,0
820,8,Data & Analytics,Customer Support,2025-12-14,0
821,238,Finance & Accounting,Design,2025-12-27,0
822,22,Data & Analytics,Operations,2026-04-15,0
823,380,Data & Analytics,Software Engineering,2025-09-17,0
824,486,Software Engineering,Software Engineering,2025-09-18,1
825,321,Operations,Finance & Accounting,2025-10-27,0
826,279,Finance & Accounting,Finance & Accounting,2026-01-01,1
827,149,Operations,Operations,2025-11-04,1
828,276,Marketing,Finance & Accounting,2025-09-18,0
829,396,Marketing,Customer Support,2025-08-23,0
830,491,Finance & Accounting,Operations,2025-08-19,0
831,73,Sales,Sales,2025-12-21,1
832,117,Software Engineering,Design,2025-12-25,0
833,32,Sales,Operations,2026-01-30,0
834,181,Marketing,Sales,2026-03-14,0
835,558,Finance & Accounting,Sales,2025-08-22,0
836,519,Software Engineering,Data & Analytics,2026-02-09,1
837,161,Customer Support,Software Engineering,2025-12-05,1
838,433,Marketing,Sales,2025-11-17,1
839,352,Marketing,Sales,2025-10-16,1
840,297,Marketing,Software Engineering,2026-04-16,0
841,173,Software Engineering,Software Engineering,2025-11-10,0
842,205,Finance & Accounting,Data & Analytics,2026-01-17,1
843,575,Software Engineering,Operations,2026-03-08,0
844,154,Data & Analytics,Customer Support,2026-02-22,0
845,147,Software Engineering,Design,2025-12-28,0
846,145,Marketing,Customer Support,2025-09-12,0
847,255,Sales,Finance & Accounting,2025-10-05,0
848,145,Finance & Accounting,Marketing,2025-11-19,0
849,128,Software Engineering,Data & Analytics,2025-08-22,1
850,113,Finance & Accounting,Software Engineering,2026-01-05,0
851,524,Design,Data & Analytics,2026-04-24,0
852,131,Design,Design,2025-12-04,0
853,35,Sales,Sales,2025-10-05,1
854,216,Customer Support,Design,2025-12-22,0
855,497,Marketing,Operations,2025-09-02,0
856,203,Software Engineering,Data & Analytics,2026-04-20,1
857,580,Finance & Accounting,Data & Analytics,2025-11-19,0
858,18,Data & Analytics,Finance & Accounting,2026-03-30,0
859,378,Data & Analytics,Sales,2026-04-19,0
860,164,Finance & Accounting,Operations,2026-02-24,0
861,460,Operations,Software Engineering,2025-12-18,1
862,34,Data & Analytics,Operations,2026-03-03,1
863,176,Operations,Finance & Accounting,2025-09-01,0
864,465,Finance & Accounting,Marketing,2026-02-20,0
865,231,Finance & Accounting,Operations,2026-01-31,1
866,122,Customer Support,Marketing,2026-03-26,0
867,12,Operations,Finance & Accounting,2026-02-10,0
868,168,Data & Analytics,Finance & Accounting,2026-02-12,0
869,431,Design,Customer Support,2025-08-22,1
870,489,Marketing,Software Engineering,2026-04-22,0
871,299,Customer Support,Finance & Accounting,2025-08-16,0
872,366,Design,Finance & Accounting,2025-10-10,0
873,453,Data & Analytics,Design,2025-10-24,1
874,160,Design,Finance & Accounting,2025-11-16,1
875,565,Sales,Software Engineering,2025-12-18,0
876,60,Data & Analytics,Operations,2025-11-14,1
877,192,Software Engineering,Design,2026-04-11,0
878,373,Operations,Design,2026-03-14,0
879,7,Sales,Design,2026-01-16,0
880,424,Sales,Finance & Accounting,2025-12-03,0
881,100,Design,Data & Analytics,2026-03-07,0
882,202,Marketing,Finance & Accounting,2025-09-20,0
883,78,Sales,Finance & Accounting,2026-02-01,0
884,473,Customer Support,Software Engineering,2025-10-07,0
885,97,Software Engineering,Design,2026-03-31,1
886,424,Finance & Accounting,Data & Analytics,2026-01-02,0
887,41,Marketing,Customer Support,2026-03-25,0
888,277,Data & Analytics,Data & Analytics,2025-11-28,0
889,1,Design,Design,2025-08-20,0
890,22,Finance & Accounting,Software Engineering,2025-10-31,0
891,514,Operations,Operations,2025-11-04,1
892,136,Marketing,Finance & Accounting,2026-03-27,1
893,275,Finance & Accounting,Marketing,2025-10-15,0
894,198,Sales,Marketing,2026-03-16,1
895,423,Operations,Marketing,2025-08-17,0
896,339,Software Engineering,Customer Support,2025-10-15,0
897,224,Customer Support,Software Engineering,2025-09-23,0
898,32,Finance & Accounting,Finance & Accounting,2025-09-09,0
899,577,Design,Operations,2025-10-11,0
900,353,Software Engineering,Software Engineering,2025-10-26,1
901,55,Software Engineering,Finance & Accounting,2026-04-28,1
902,44,Operations,Operations,2025-11-14,1
903,83,Data & Analytics,Marketing,2026-02-19,0
904,344,Sales,Design,2026-03-18,1
905,346,Design,Sales,2025-09-30,0
906,108,Customer Support,Customer Support,2026-01-30,1
907,144,Sales,Operations,2025-10-24,0
908,546,Finance & Accounting,Sales,2026-04-29,0
909,198,Design,Operations,2025-11-04,1
910,352,Customer Support,Software Engineering,2026-01-11,1
911,369,Operations,Data & Analytics,2026-02-07,1
912,127,Customer Support,Customer Support,2026-04-21,0
913,528,Operations,Marketing,2026-02-08,0
914,412,Customer Support,Marketing,2025-08-23,0
915,38,Data & Analytics,Sales,2025-09-19,0
916,125,Software Engineering,Operations,2026-03-25,0
917,322,Customer Support,Finance & Accounting,2025-12-11,0
918,249,Sales,Finance & Accounting,2025-09-08,0
919,55,Operations,Marketing,2025-09-21,0
920,422,Design,Sales,2026-01-28,0
921,424,Design,Data & Analytics,2025-11-27,0
922,443,Marketing,Data & Analytics,2026-01-06,1
923,301,Software Engineering,Customer Support,2026-02-06,0
924,560,Customer Support,Customer Support,2026-04-21,0
925,549,Operations,Data & Analytics,2026-02-16,0
926,78,Marketing,Software Engineering,2026-01-13,1
927,485,Marketing,Software Engineering,2025-09-04,0
928,486,Data & Analytics,Software Engineering,2026-04-10,0
929,70,Design,Data & Analytics,2026-02-16,0
930,149,Design,Marketing,2025-09-25,0
931,137,Marketing,Sales,2025-12-23,1
932,456,Data & Analytics,Finance & Accounting,2025-11-03,0
933,385,Marketing,Customer Support,2025-12-25,0
934,270,Customer Support,Finance & Accounting,2026-03-12,0
935,253,Marketing,Customer Support,2026-02-14,0
936,357,Customer Support,Design,2026-04-22,0
937,274,Data & Analytics,Sales,2026-01-16,1
938,145,Design,Finance & Accounting,2025-12-28,0
939,537,Finance & Accounting,Software Engineering,2025-09-01,1
940,340,Operations,Sales,2026-04-17,1
941,271,Design,Software Engineering,2025-10-23,1
942,440,Sales,Customer Support,2025-11-16,0
943,266,Software Engineering,Sales,2026-01-06,0
944,412,Customer Support,Sales,2026-04-26,1
945,37,Marketing,Software Engineering,2026-04-01,0
946,223,Sales,Customer Support,2025-11-16,1
947,465,Operations,Software Engineering,2025-12-01,1
948,388,Operations,Finance & Accounting,2025-10-02,1
949,291,Operations,Sales,2026-01-02,1
950,412,Design,Marketing,2025-12-13,1
951,483,Software Engineering,Sales,2026-03-14,0
952,107,Data & Analytics,Design,2026-03-23,1
953,591,Software Engineering,Finance & Accounting,2026-03-11,1
954,385,Customer Support,Marketing,2025-11-27,0
955,407,Data & Analytics,Design,2025-10-12,1
956,144,Sales,Operations,2025-12-06,0
957,233,Operations,Sales,2025-12-25,0
958,249,Finance & Accounting,Data & Analytics,2026-01-18,0
959,217,Finance & Accounting,Finance & Accounting,2026-02-07,0
960,301,Design,Sales,2025-09-26,0
961,543,Software Engineering,Design,2026-03-22,0
962,115,Marketing,Data & Analytics,2026-03-27,1
963,410,Data & Analytics,Operations,2026-02-10,0
964,384,Sales,Finance & Accounting,2026-01-02,0
965,18,Sales,Finance & Accounting,2026-01-27,0
966,190,Data & Analytics,Sales,2025-08-19,0
967,261,Operations,Design,2025-11-11,0
968,100,Sales,Software Engineering,2025-12-08,0
969,108,Design,Data & Analytics,2025-12-17,1
970,129,Design,Data & Analytics,2026-03-06,0
971,92,Operations,Operations,2026-04-01,0
972,131,Customer Support,Finance & Accounting,2025-11-02,0
973,414,Customer Support,Software Engineering,2026-03-09,0
974,123,Design,Sales,2026-03-23,0
975,129,Customer Support,Sales,2025-12-12,0
976,116,Software Engineering,Software Engineering,2025-10-25,0
977,244,Software Engineering,Customer Support,2026-04-06,0
978,459,Finance & Accounting,Operations,2026-04-11,1
979,68,Software Engineering,Sales,2026-04-07,0
980,269,Customer Support,Finance & Accounting,2026-03-26,0
981,37,Design,Finance & Accounting,2025-11-16,0
982,276,Sales,Data & Analytics,2025-11-21,0
983,300,Customer Support,Marketing,2025-12-31,0
984,303,Software Engineering,Sales,2026-03-22,0
985,172,Sales,Marketing,2025-12-03,0
986,337,Data & Analytics,Marketing,2025-10-19,0
987,284,Marketing,Operations,2026-01-20,0
988,60,Design,Data & Analytics,2026-01-12,0
989,398,Customer Support,Data & Analytics,2025-11-26,0
990,383,Data & Analytics,Finance & Accounting,2025-10-07,1
991,444,Sales,Design,2026-03-15,0
992,16,Finance & Accounting,Design,2026-04-03,0
993,191,Marketing,Operations,2026-02-21,0
994,538,Finance & Accounting,Sales,2026-01-29,0
995,187,Sales,Operations,2025-11-28,0
996,494,Finance & Accounting,Data & Analytics,2026-01-19,1
997,55,Design,Customer Support,2025-10-29,0
998,243,Operations,Sales,2026-02-08,1
999,68,Operations,Finance & Accounting,2025-12-27,0
1000,400,Sales,Sales,2026-01-02,0
1001,503,Marketing,Finance & Accounting,2026-02-08,0
1002,526,Design,Software Engineering,2026-01-05,1
1003,483,Customer Support,Marketing,2025-12-03,0
1004,68,Sales,Software Engineering,2025-08-17,1
1005,142,Data & Analytics,Finance & Accounting,2025-11-14,1
1006,579,Software Engineering,Data & Analytics,2025-11-24,1
1007,327,Sales,Finance & Accounting,2026-03-04,0
1008,510,Sales,Marketing,2026-01-04,0
1009,67,Finance & Accounting,Operations,2025-12-14,0
1010,575,Customer Support,Customer Support,2026-03-21,1
1011,54,Finance & Accounting,Finance & Accounting,2026-01-10,1
1012,600,Finance & Accounting,Operations,2025-09-12,0
1013,534,Finance & Accounting,Software Engineering,2025-12-24,0
1014,229,Software Engineering,Sales,2026-02-02,0
1015,326,Operations,Marketing,2025-10-05,0
1016,566,Software Engineering,Sales,2026-01-06,1
1017,334,Operations,Sales,2026-03-17,1
1018,98,Design,Software Engineering,2025-10-14,1
1019,93,Data & Analytics,Operations,2026-02-05,0
1020,533,Marketing,Design,2026-01-09,0
1021,253,Sales,Customer Support,2026-04-11,1
1022,463,Software Engineering,Operations,2026-04-12,1
1023,262,Data & Analytics,Marketing,2025-09-05,1
1024,406,Data & Analytics,Operations,2025-12-24,0
1025,446,Data & Analytics,Design,2026-02-14,0
1026,357,Marketing,Sales,2025-10-06,0
1027,433,Marketing,Software Engineering,2025-09-02,0
1028,12,Marketing,Sales,2025-09-02,1
1029,257,Sales,Design,2026-01-14,1
1030,380,Design,Customer Support,2026-03-17,0
1031,483,Sales,Operations,2026-03-26,0
1032,545,Operations,Sales,2026-01-23,0
1033,145,Software Engineering,Customer Support,2026-01-14,1
1034,373,Data & Analytics,Operations,2025-10-10,0
1035,123,Data & Analytics,Data & Analytics,2025-10-29,0
1036,101,Data & Analytics,Operations,2026-03-25,0
1037,133,Finance & Accounting,Customer Support,2026-03-12,0
1038,419,Customer Support,Design,2026-03-11,0
1039,456,Finance & Accounting,Finance & Accounting,2026-03-23,0
1040,120,Data & Analytics,Customer Support,2025-11-12,0
1041,96,Software Engineering,Data & Analytics,2025-08-28,0
1042,211,Design,Customer Support,2026-03-15,0
1043,426,Design,Sales,2025-11-10,0
1044,274,Sales,Finance & Accounting,2026-02-19,0
1045,327,Sales,Sales,2025-10-05,0
1046,135,Operations,Operations,2025-12-27,0
1047,523,Operations,Sales,2025-10-01,1
1048,192,Data & Analytics,Design,2025-11-01,0
1049,307,Customer Support,Design,2025-11-04,0
1050,439,Software Engineering,Sales,2026-03-14,1
1051,228,Data & Analytics,Software Engineering,2026-01-11,0
1052,123,Software Engineering,Customer Support,2025-12-26,0
1053,166,Sales,Design,2025-10-31,0
1054,337,Finance & Accounting,Marketing,2026-03-30,1
1055,343,Operations,Finance & Accounting,2025-11-07,1
1056,330,Marketing,Customer Support,2026-03-18,1
1057,60,Data & Analytics,Design,2026-04-22,0
1058,562,Customer Support,Data & Analytics,2026-01-12,0
1059,104,Data & Analytics,Marketing,2025-08-26,0
1060,258,Operations,Marketing,2026-04-07,1
1061,457,Customer Support,Marketing,2025-09-04,0
1062,85,Data & Analytics,Marketing,2026-02-07,0
1063,575,Sales,Sales,2026-04-26,0
1064,306,Customer Support,Customer Support,2026-02-08,0
1065,223,Marketing,Design,2026-01-17,1
1066,505,Operations,Customer Support,2025-12-23,1
1067,500,Finance & Accounting,Marketing,2025-09-23,0
1068,592,Sales,Software Engineering,2026-03-21,0
1069,317,Marketing,Finance & Accounting,2025-08-28,0
1070,273,Data & Analytics,Software Engineering,2025-09-25,1
1071,414,Customer Support,Data & Analytics,2026-02-27,1
1072,356,Data & Analytics,Sales,2025-08-28,0
1073,305,Finance & Accounting,Sales,2025-12-10,0
1074,585,Customer Support,Sales,2025-12-31,1
1075,554,Data & Analytics,Marketing,2025-09-03,0
1076,386,Software Engineering,Customer Support,2025-11-12,0
1077,154,Marketing,Data & Analytics,2026-04-10,0
1078,373,Design,Customer Support,2025-08-25,1
1079,274,Design,Design,2025-11-05,1
1080,356,Data & Analytics,Software Engineering,2026-03-16,1
1081,600,Marketing,Sales,2025-11-06,0
1082,487,Marketing,Sales,2026-03-28,1
1083,289,Sales,Marketing,2026-03-02,0
1084,536,Software Engineering,Data & Analytics,2026-01-29,1
1085,525,Marketing,Customer Support,2025-08-29,0
1086,207,Design,Sales,2025-10-25,0
1087,180,Sales,Finance & Accounting,2025-11-20,0
1088,6,Sales,Data & Analytics,2026-04-01,0
1089,554,Design,Design,2025-11-21,0
1090,450,Finance & Accounting,Operations,2025-12-27,1
1091,519,Design,Data & Analytics,2025-10-06,0
1092,69,Customer Support,Software Engineering,2025-11-19,1
1093,551,Sales,Finance & Accounting,2026-01-19,1
1094,234,Operations,Marketing,2025-10-07,1
1095,399,Design,Finance & Accounting,2025-10-03,1
1096,521,Software Engineering,Design,2025-10-30,0
1097,572,Customer Support,Data & Analytics,2025-08-24,1
1098,284,Operations,Operations,2025-09-27,1
1099,197,Finance & Accounting,Software Engineering,2026-03-02,0
1100,19,Software Engineering,Data & Analytics,2025-09-29,0
1101,377,Marketing,Data & Analytics,2026-01-11,0
1102,138,Customer Support,Operations,2025-12-03,1
1103,430,Operations,Data & Analytics,2025-12-03,0
1104,526,Operations,Operations,2025-08-21,0
1105,464,Software Engineering,Software Engineering,2026-02-23,1
1106,487,Operations,Design,2025-10-15,0
1107,397,Finance & Accounting,Design,2026-04-11,1
1108,551,Finance & Accounting,Operations,2025-11-09,1
1109,534,Customer Support,Marketing,2025-09-16,0
1110,96,Customer Support,Operations,2025-10-11,1
1111,360,Finance & Accounting,Customer Support,2026-02-01,0
1112,496,Sales,Marketing,2025-09-27,0
1113,145,Customer Support,Software Engineering,2026-04-05,0
1114,10,Software Engineering,Software Engineering,2025-11-17,0
1115,161,Finance & Accounting,Design,2025-08-20,0
1116,217,Customer Support,Operations,2025-10-26,0
1117,123,Operations,Data & Analytics,2025-12-03,0
1118,166,Sales,Software Engineering,2025-11-08,0
1119,16,Operations,Finance & Accounting,2026-02-18,0
1120,450,Customer Support,Design,2026-02-06,1
1121,338,Operations,Finance & Accounting,2025-10-07,0
1122,513,Design,Finance & Accounting,2025-09-19,0
1123,370,Marketing,Customer Support,2025-10-11,0
1124,520,Design,Operations,2026-04-01,0
1125,201,Data & Analytics,Finance & Accounting,2025-10-01,0
1126,500,Data & Analytics,Marketing,2025-09-01,0
1127,411,Finance & Accounting,Finance & Accounting,2026-01-05,1
1128,571,Sales,Sales,2026-01-15,0
1129,12,Software Engineering,Sales,2026-01-21,0
1130,502,Customer Support,Data & Analytics,2025-12-08,0
1131,138,Software Engineering,Data & Analytics,2025-11-05,1
1132,459,Marketing,Operations,2025-09-10,0
1133,384,Data & Analytics,Sales,2026-03-06,1
1134,314,Customer Support,Design,2025-12-13,0
1135,235,Operations,Software Engineering,2025-09-17,1
1136,120,Operations,Finance & Accounting,2026-01-22,0
1137,273,Sales,Finance & Accounting,2026-03-25,0
1138,38,Design,Marketing,2026-04-26,0
1139,193,Data & Analytics,Sales,2025-10-16,0
1140,301,Customer Support,Data & Analytics,2026-02-08,0
1141,67,Operations,Software Engineering,2025-12-04,0
1142,502,Operations,Finance & Accounting,2025-12-12,1
1143,435,Marketing,Design,2025-12-10,0
1144,6,Finance & Accounting,Marketing,2026-04-04,1
1145,362,Sales,Sales,2026-02-08,0
1146,571,Finance & Accounting,Sales,2026-01-07,0
1147,370,Marketing,Customer Support,2025-09-09,1
1148,116,Finance & Accounting,Software Engineering,2025-12-22,0
1149,99,Data & Analytics,Finance & Accounting,2025-11-29,1
1150,196,Software Engineering,Finance & Accounting,2025-08-27,0
1151,365,Software Engineering,Marketing,2025-12-17,0
1152,416,Finance & Accounting,Customer Support,2026-04-04,1
1153,366,Marketing,Finance & Accounting,2026-02-18,1
1154,181,Sales,Marketing,2025-12-04,0
1155,394,Operations,Data & Analytics,2025-12-19,0
1156,501,Customer Support,Customer Support,2025-10-18,1
1157,203,Marketing,Marketing,2026-02-24,0
1158,415,Data & Analytics,Design,2026-02-14,0
1159,138,Sales,Design,2025-10-31,0
1160,473,Operations,Design,2025-08-23,1
1161,68,Finance & Accounting,Marketing,2025-10-02,0
1162,426,Software Engineering,Software Engineering,2026-03-07,1
1163,334,Data & Analytics,Software Engineering,2026-03-08,0
1164,155,Data & Analytics,Sales,2025-09-03,0
1165,430,Sales,Design,2025-11-02,0
1166,101,Finance & Accounting,Software Engineering,2025-12-08,0
1167,72,Software Engineering,Software Engineering,2025-08-26,0
1168,151,Marketing,Sales,2026-01-14,0
1169,184,Software Engineering,Design,2025-10-20,1
1170,546,Finance & Accounting,Sales,2026-04-17,1
1171,424,Operations,Software Engineering,2025-11-06,0
1172,453,Marketing,Sales,2025-08-13,0
1173,90,Finance & Accounting,Operations,2026-02-15,0
1174,543,Sales,Design,2026-01-16,1
1175,63,Marketing,Operations,2025-08-28,1
1176,558,Customer Support,Data & Analytics,2025-12-23,1
1177,105,Design,Finance & Accounting,2026-01-10,1
1178,102,Customer Support,Software Engineering,2025-10-11,0
1179,318,Finance & Accounting,Operations,2026-02-10,0
1180,215,Data & Analytics,Customer Support,2025-10-07,0
1181,119,Finance & Accounting,Software Engineering,2025-10-03,0
1182,368,Operations,Data & Analytics,2026-01-10,0
1183,544,Data & Analytics,Marketing,2026-04-09,0
1184,10,Finance & Accounting,Design,2025-08-31,1
1185,265,Data & Analytics,Marketing,2025-08-28,0
1186,598,Customer Support,Design,2025-11-01,0
1187,54,Design,Marketing,2025-10-22,0
1188,258,Customer Support,Sales,2025-10-23,1
1189,542,Marketing,Customer Support,2025-10-24,1
1190,98,Finance & Accounting,Software Engineering,2026-03-02,1
1191,567,Finance & Accounting,Customer Support,2026-04-20,0
1192,6,Customer Support,Sales,2026-03-04,0
1193,69,Sales,Data & Analytics,2026-02-12,0
1194,166,Finance & Accounting,Software Engineering,2025-11-28,1
1195,236,Customer Support,Marketing,2025-08-31,0
1196,156,Sales,Data & Analytics,2026-04-28,0
1197,428,Customer Support,Marketing,2026-01-17,1
1198,367,Data & Analytics,Marketing,2026-01-05,0
1199,101,Customer Support,Software Engineering,2025-12-09,0
1200,452,Operations,Data & Analytics,2025-10-05,0
1201,369,Customer Support,Software Engineering,2026-02-24,1
1202,579,Sales,Software Engineering,2025-08-18,0
1203,456,Data & Analytics,Sales,2025-09-28,0
1204,507,Data & Analytics,Customer Support,2026-04-11,0
1205,397,Design,Design,2026-02-24,0
1206,191,Design,Sales,2026-04-16,0
1207,168,Finance & Accounting,Customer Support,2025-09-23,0
1208,494,Marketing,Marketing,2025-08-27,1
1209,112,Finance & Accounting,Sales,2025-12-22,0
1210,568,Customer Support,Customer Support,2026-04-06,0
1211,596,Marketing,Software Engineering,2025-09-13,0
1212,58,Finance & Accounting,Operations,2026-04-16,0
1213,276,Marketing,Marketing,2026-04-21,0
1214,591,Customer Support,Data & Analytics,2026-03-11,0
1215,434,Sales,Design,2025-11-17,0
1216,389,Data & Analytics,Operations,2025-11-06,1
1217,552,Software Engineering,Sales,2025-10-03,1
1218,127,Design,Marketing,2025-09-16,0
1219,480,Sales,Data & Analytics,2026-01-16,1
1220,559,Operations,Finance & Accounting,2025-09-11,0
1221,105,Operations,Sales,2026-03-24,0
1222,69,Marketing,Design,2026-04-14,0
1223,550,Software Engineering,Software Engineering,2025-12-14,0
1224,276,Sales,Customer Support,2026-03-07,0
1225,511,Customer Support,Customer Support,2026-03-20,0
1226,349,Finance & Accounting,Sales,2026-01-03,0
1227,500,Software Engineering,Finance & Accounting,2025-09-02,1
1228,284,Design,Customer Support,2026-04-15,0
1229,146,Software Engineering,Marketing,2025-09-14,0
1230,282,Data & Analytics,Design,2025-09-12,0
1231,27,Software Engineering,Marketing,2025-12-27,0
1232,21,Sales,Marketing,2026-01-04,0
1233,424,Sales,Customer Support,2026-04-28,0
1234,67,Sales,Finance & Accounting,2026-02-25,1
1235,384,Finance & Accounting,Sales,2026-02-26,0
1236,88,Finance & Accounting,Operations,2026-02-19,1
1237,36,Software Engineering,Customer Support,2026-02-12,0
1238,434,Marketing,Sales,2026-04-22,1
1239,27,Operations,Finance & Accounting,2025-12-09,1
1240,203,Customer Support,Finance & Accounting,2025-09-15,0
1241,173,Software Engineering,Design,2025-12-26,0
1242,446,Data & Analytics,Sales,2025-09-12,0
1243,375,Customer Support,Sales,2025-11-13,1
1244,465,Data & Analytics,Operations,2026-03-11,1
1245,339,Software Engineering,Data & Analytics,2025-12-25,0
1246,390,Software Engineering,Design,2026-03-12,0
1247,381,Software Engineering,Marketing,2025-12-06,0
1248,303,Design,Marketing,2025-10-28,0
1249,385,Data & Analytics,Marketing,2026-02-09,1
1250,68,Finance & Accounting,Operations,2025-11-17,1
1251,133,Data & Analytics,Design,2026-04-07,0
1252,101,Operations,Finance & Accounting,2026-01-08,0
1253,593,Software Engineering,Operations,2026-01-15,1
1254,485,Sales,Operations,2025-10-15,0
1255,544,Software Engineering,Design,2026-03-13,0
1256,399,Operations,Finance & Accounting,2026-01-08,0
1257,326,Sales,Finance & Accounting,2025-08-18,0
1258,423,Sales,Data & Analytics,2026-02-13,0
1259,17,Design,Sales,2026-02-03,0
1260,435,Design,Finance & Accounting,2025-12-11,1
1261,191,Software Engineering,Data & Analytics,2026-01-06,0
1262,579,Sales,Data & Analytics,2025-09-01,0
1263,39,Design,Marketing,2025-12-03,0
1264,572,Design,Finance & Accounting,2025-09-26,0
1265,410,Marketing,Design,2026-04-12,0
1266,113,Marketing,Marketing,2025-09-22,0
1267,277,Data & Analytics,Marketing,2025-08-19,0
1268,561,Customer Support,Data & Analytics,2026-01-22,0
1269,20,Sales,Data & Analytics,2025-08-17,0
1270,553,Finance & Accounting,Operations,2026-01-05,0
1271,193,Design,Data & Analytics,2026-03-15,0
1272,494,Design,Marketing,2026-01-27,0
1273,9,Marketing,Software Engineering,2026-04-15,1
1274,10,Sales,Operations,2026-02-13,1
1275,336,Design,Sales,2025-10-19,0
1276,392,Operations,Finance & Accounting,2025-11-26,0
1277,241,Marketing,Design,2025-10-29,0
1278,56,Sales,Data & Analytics,2026-02-06,1
1279,471,Sales,Customer Support,2025-10-27,0
1280,138,Software Engineering,Marketing,2026-03-07,0
1281,571,Software Engineering,Marketing,2026-04-12,1
1282,164,Design,Finance & Accounting,2025-11-23,1
1283,361,Software Engineering,Operations,2025-10-09,0
1284,103,Finance & Accounting,Marketing,2025-08-22,1
1285,208,Customer Support,Finance & Accounting,2026-01-24,0
1286,448,Design,Data & Analytics,2025-10-14,0
1287,516,Marketing,Operations,2025-08-21,1
1288,96,Sales,Software Engineering,2025-12-16,1
1289,191,Software Engineering,Marketing,2026-04-12,0
1290,158,Marketing,Customer Support,2025-11-07,0
1291,322,Customer Support,Sales,2025-12-15,0
1292,298,Sales,Finance & Accounting,2025-11-30,0
1293,567,Design,Finance & Accounting,2026-04-22,0
1294,229,Design,Sales,2026-04-15,0
1295,571,Operations,Operations,2026-03-23,0
1296,217,Sales,Operations,2026-03-30,1
1297,302,Design,Sales,2025-09-25,0
1298,36,Marketing,Sales,2025-08-16,0
1299,45,Operations,Data & Analytics,2025-12-31,0
1300,185,Operations,Finance & Accounting,2025-10-23,0
1301,149,Software Engineering,Marketing,2025-08-28,0
1302,405,Operations,Marketing,2026-03-15,0
1303,251,Finance & Accounting,Sales,2025-11-09,0
1304,20,Data & Analytics,Sales,2025-10-16,0
1305,308,Finance & Accounting,Operations,2026-02-27,0
1306,517,Design,Operations,2025-11-28,0
1307,581,Design,Software Engineering,2025-11-11,0
1308,50,Marketing,Marketing,2025-10-23,0
1309,588,Marketing,Design,2025-11-20,0
1310,523,Software Engineering,Finance & Accounting,2025-10-22,0
1311,431,Data & Analytics,Marketing,2026-01-15,0
1312,105,Customer Support,Operations,2025-09-25,0
1313,320,Customer Support,Data & Analytics,2025-10-12,1
1314,284,Design,Data & Analytics,2026-04-01,0
1315,367,Finance & Accounting,Marketing,2025-12-17,0
1316,24,Marketing,Software Engineering,2025-09-18,1
1317,531,Software Engineering,Marketing,2025-08-20,0
1318,553,Software Engineering,Sales,2026-01-13,1
1319,97,Software Engineering,Data & Analytics,2026-03-29,0
1320,413,Design,Customer Support,2026-02-01,0
1321,1,Sales,Sales,2026-04-04,0
1322,512,Finance & Accounting,Data & Analytics,2025-11-10,0
1323,11,Data & Analytics,Software Engineering,2025-08-15,0
1324,142,Finance & Accounting,Sales,2026-02-23,1
1325,249,Data & Analytics,Software Engineering,2025-12-06,0
1326,473,Marketing,Finance & Accounting,2025-09-05,1
1327,241,Sales,Operations,2026-03-12,1
1328,134,Data & Analytics,Sales,2025-09-19,0
1329,179,Marketing,Finance & Accounting,2026-04-04,0
1330,490,Marketing,Software Engineering,2025-09-16,0
1331,257,Data & Analytics,Marketing,2025-08-15,0
1332,314,Software Engineering,Customer Support,2025-12-14,0
1333,465,Data & Analytics,Design,2026-01-01,0
1334,110,Software Engineering,Operations,2025-10-06,0
1335,167,Finance & Accounting,Customer Support,2025-09-14,0
1336,278,Software Engineering,Customer Support,2026-03-01,0
1337,404,Marketing,Sales,2026-04-03,0
1338,40,Marketing,Data & Analytics,2026-01-07,0
1339,379,Finance & Accounting,Design,2026-02-12,1
1340,133,Finance & Accounting,Finance & Accounting,2025-10-31,0
1341,586,Finance & Accounting,Software Engineering,2026-03-08,1
1342,228,Data & Analytics,Finance & Accounting,2026-02-12,0
1343,357,Design,Design,2026-03-04,1
1344,117,Customer Support,Finance & Accounting,2026-04-22,1
1345,276,Finance & Accounting,Operations,2026-04-26,0
1346,108,Customer Support,Operations,2025-12-24,1
1347,42,Customer Support,Marketing,2026-04-10,0
1348,189,Finance & Accounting,Finance & Accounting,2026-02-08,0
1349,524,Sales,Marketing,2025-11-06,1
1350,84,Sales,Design,2025-10-17,0
1351,220,Sales,Customer Support,2026-04-02,0
1352,102,Operations,Finance & Accounting,2026-02-13,0
1353,472,Design,Customer Support,2025-08-29,0
1354,57,Customer Support,Data & Analytics,2025-12-04,1
1355,406,Sales,Finance & Accounting,2026-02-11,1
1356,246,Sales,Customer Support,2026-03-12,0
1357,295,Data & Analytics,Design,2026-04-02,0
1358,532,Data & Analytics,Design,2026-03-03,0
1359,175,Design,Marketing,2026-02-14,0
1360,269,Software Engineering,Data & Analytics,2025-12-20,1
1361,128,Sales,Customer Support,2025-11-20,0
1362,330,Finance & Accounting,Data & Analytics,2026-04-03,0
1363,249,Data & Analytics,Software Engineering,2025-12-16,0
1364,504,Sales,Software Engineering,2026-02-04,1
1365,470,Finance & Accounting,Customer Support,2026-04-08,1
1366,340,Software Engineering,Customer Support,2025-10-17,1
1367,154,Marketing,Design,2026-02-11,0
1368,402,Operations,Finance & Accounting,2026-02-11,0
1369,129,Operations,Finance & Accounting,2025-11-10,0
1370,251,Sales,Customer Support,2025-08-13,0
1371,116,Finance & Accounting,Marketing,2025-10-28,0
1372,530,Operations,Operations,2026-02-28,0
1373,200,Customer Support,Design,2025-09-10,1
1374,479,Finance & Accounting,Operations,2025-11-08,0
1375,84,Marketing,Marketing,2025-12-16,1
1376,358,Design,Finance & Accounting,2025-09-05,0
1377,571,Software Engineering,Data & Analytics,2026-01-17,1
1378,35,Customer Support,Customer Support,2025-08-19,0
1379,429,Software Engineering,Design,2025-10-01,0
1380,449,Sales,Design,2025-09-19,0
1381,434,Operations,Finance & Accounting,2026-03-24,0
1382,494,Design,Marketing,2025-12-08,1
1383,287,Operations,Customer Support,2025-09-04,0
1384,318,Design,Sales,2026-04-02,0
1385,177,Data & Analytics,Operations,2025-11-11,0
1386,101,Software Engineering,Finance & Accounting,2026-01-02,1
1387,511,Operations,Sales,2025-10-14,0
1388,198,Software Engineering,Software Engineering,2025-10-29,0
1389,333,Marketing,Data & Analytics,2026-01-17,0
1390,203,Design,Data & Analytics,2026-02-01,0
1391,178,Design,Software Engineering,2025-12-10,0
1392,56,Data & Analytics,Customer Support,2025-09-13,1
1393,14,Data & Analytics,Data & Analytics,2025-12-13,1
1394,102,Design,Data & Analytics,2026-01-14,0
1395,406,Sales,Operations,2026-01-07,0
1396,180,Data & Analytics,Marketing,2025-12-27,1
1397,436,Finance & Accounting,Customer Support,2026-03-22,0
1398,515,Operations,Design,2026-01-11,0
1399,494,Sales,Finance & Accounting,2026-04-14,1
1400,97,Software Engineering,Design,2025-09-26,0
1401,312,Sales,Data & Analytics,2026-01-18,1
1402,135,Design,Marketing,2026-01-04,0
1403,86,Design,Data & Analytics,2025-08-21,0
1404,277,Marketing,Finance & Accounting,2026-04-17,0
1405,150,Marketing,Sales,2026-01-03,0
1406,428,Customer Support,Sales,2026-03-07,0
1407,268,Customer Support,Customer Support,2025-09-01,0
1408,396,Sales,Marketing,2025-11-09,0
1409,348,Finance & Accounting,Finance & Accounting,2025-11-19,1
1410,485,Finance & Accounting,Sales,2025-08-29,0
1411,220,Finance & Accounting,Data & Analytics,2026-02-15,0
1412,206,Software Engineering,Software Engineering,2026-01-10,0
1413,185,Sales,Marketing,2026-02-17,0
1414,328,Software Engineering,Customer Support,2025-09-23,0
1415,252,Software Engineering,Software Engineering,2025-10-20,1
1416,99,Software Engineering,Design,2026-04-04,0
1417,461,Marketing,Software Engineering,2026-01-03,1
1418,256,Data & Analytics,Software Engineering,2025-12-16,0
1419,403,Design,Customer Support,2025-10-18,0
1420,480,Software Engineering,Finance & Accounting,2025-12-17,0
1421,466,Design,Operations,2026-03-25,1
1422,183,Sales,Data & Analytics,2026-03-18,0
1423,257,Customer Support,Sales,2026-02-04,1
1424,387,Data & Analytics,Customer Support,2025-11-16,0
1425,484,Data & Analytics,Customer Support,2026-03-15,0
1426,545,Finance & Accounting,Operations,2026-02-26,0
1427,211,Finance & Accounting,Finance & Accounting,2026-01-23,0
1428,244,Marketing,Sales,2025-10-26,0
1429,547,Customer Support,Customer Support,2025-08-19,0
1430,128,Customer Support,Finance & Accounting,2025-12-12,1
1431,498,Design,Data & Analytics,2025-10-03,0
1432,328,Customer Support,Marketing,2025-10-07,0
1433,584,Marketing,Marketing,2026-03-30,0
1434,262,Software Engineering,Customer Support,2026-02-18,1
1435,529,Marketing,Design,2025-09-17,1
1436,577,Marketing,Data & Analytics,2025-09-24,1
1437,308,Software Engineering,Marketing,2026-02-12,0
1438,559,Data & Analytics,Software Engineering,2025-10-15,0
1439,473,Sales,Software Engineering,2025-10-02,0
1440,146,Finance & Accounting,Marketing,2026-01-17,0
1441,103,Software Engineering,Finance & Accounting,2025-09-27,1
1442,301,Software Engineering,Customer Support,2025-09-05,0
1443,437,Marketing,Data & Analytics,2025-08-21,0
1444,483,Sales,Marketing,2026-02-05,0
1445,467,Data & Analytics,Software Engineering,2025-12-09,1
1446,69,Design,Data & Analytics,2025-11-15,0
1447,256,Data & Analytics,Sales,2025-08-31,1
1448,41,Data & Analytics,Customer Support,2026-04-07,0
1449,208,Customer Support,Software Engineering,2026-02-02,0
1450,206,Sales,Software Engineering,2026-02-06,0
1451,109,Sales,Design,2026-04-08,0
1452,598,Operations,Data & Analytics,2026-03-06,0
1453,335,Design,Sales,2026-04-10,0
1454,60,Sales,Data & Analytics,2026-04-13,0
1455,569,Marketing,Sales,2026-04-07,0
1456,511,Software Engineering,Operations,2026-04-08,1
1457,91,Design,Marketing,2026-01-08,0
1458,130,Customer Support,Data & Analytics,2025-09-30,0
1459,493,Data & Analytics,Customer Support,2026-04-20,0
1460,311,Customer Support,Customer Support,2026-02-27,1
1461,247,Data & Analytics,Operations,2026-01-01,0
1462,206,Customer Support,Finance & Accounting,2026-02-08,0
1463,249,Marketing,Software Engineering,2025-09-22,0
1464,252,Data & Analytics,Customer Support,2025-08-16,1
1465,518,Data & Analytics,Design,2026-01-04,0
1466,58,Sales,Sales,2026-04-24,0
1467,444,Operations,Design,2026-01-05,0
1468,389,Design,Data & Analytics,2025-10-12,0
1469,459,Data & Analytics,Operations,2026-01-14,1
1470,343,Design,Finance & Accounting,2026-03-10,0
1471,161,Data & Analytics,Data & Analytics,2025-12-22,0
1472,292,Data & Analytics,Software Engineering,2025-09-16,0
1473,255,Customer Support,Marketing,2026-02-09,0
1474,296,Finance & Accounting,Finance & Accounting,2026-04-04,1
1475,481,Finance & Accounting,Marketing,2026-03-09,0
1476,84,Sales,Customer Support,2026-02-12,0
1477,356,Sales,Marketing,2026-03-03,1
1478,148,Software Engineering,Sales,2025-11-13,1
1479,395,Finance & Accounting,Sales,2026-02-17,0
1480,221,Customer Support,Design,2026-03-20,0
1481,363,Operations,Finance & Accounting,2025-12-10,0
1482,248,Marketing,Design,2025-09-16,1
1483,190,Sales,Design,2025-08-18,1
1484,531,Marketing,Operations,2026-01-23,0
1485,399,Finance & Accounting,Software Engineering,2025-12-29,1
1486,140,Operations,Customer Support,2025-09-03,1
1487,129,Marketing,Software Engineering,2026-03-16,0
1488,295,Data & Analytics,Marketing,2025-08-16,1
1489,460,Customer Support,Software Engineering,2026-03-14,0
1490,80,Sales,Finance & Accounting,2025-11-01,0
1491,113,Sales,Sales,2025-10-21,0
1492,428,Software Engineering,Customer Support,2026-03-13,0
1493,73,Marketing,Sales,2026-04-15,0
1494,137,Data & Analytics,Operations,2025-12-31,1
1495,183,Finance & Accounting,Finance & Accounting,2026-03-22,0
1496,422,Design,Operations,2026-03-05,1
1497,137,Marketing,Design,2026-03-02,0
1498,464,Operations,Data & Analytics,2026-02-03,0
1499,85,Design,Marketing,2025-08-16,0
1500,132,Operations,Marketing,2025-08-25,0
1501,528,Operations,Marketing,2025-09-26,0
1502,155,Data & Analytics,Software Engineering,2025-08-28,0
1503,290,Software Engineering,Sales,2025-11-03,0
1504,324,Marketing,Sales,2025-11-01,1
1505,465,Software Engineering,Software Engineering,2025-11-11,1
1506,210,Design,Customer Support,2026-03-21,1
1507,450,Data & Analytics,Operations,2026-01-15,0
1508,511,Software Engineering,Design,2025-11-01,0
1509,89,Customer Support,Design,2026-03-01,0
1510,152,Design,Finance & Accounting,2026-03-24,0
1511,219,Design,Sales,2026-04-29,0
1512,449,Sales,Finance & Accounting,2026-01-02,1
1513,554,Marketing,Software Engineering,2026-01-10,1
1514,171,Customer Support,Software Engineering,2025-09-13,1
1515,529,Data & Analytics,Customer Support,2025-11-23,1
1516,5,Design,Operations,2026-03-04,1
1517,358,Software Engineering,Data & Analytics,2025-09-20,0
1518,105,Data & Analytics,Operations,2026-01-11,1
1519,552,Customer Support,Software Engineering,2025-09-21,0
1520,568,Data & Analytics,Finance & Accounting,2026-01-16,0
1521,168,Customer Support,Software Engineering,2025-08-13,0
1522,182,Data & Analytics,Marketing,2026-02-17,0
1523,27,Finance & Accounting,Marketing,2025-09-08,1
1524,269,Sales,Finance & Accounting,2025-10-22,1
1525,113,Software Engineering,Software Engineering,2025-10-03,0
1526,19,Software Engineering,Marketing,2026-03-16,0
1527,121,Sales,Software Engineering,2025-08-29,1
1528,187,Data & Analytics,Marketing,2025-09-11,0
1529,463,Customer Support,Sales,2025-12-15,0
1530,522,Customer Support,Software Engineering,2026-01-15,0
1531,499,Sales,Marketing,2026-04-29,0
1532,386,Sales,Finance & Accounting,2026-03-16,0
1533,477,Software Engineering,Data & Analytics,2025-12-06,0
1534,437,Operations,Sales,2025-10-30,0
1535,252,Design,Operations,2026-03-09,1
1536,94,Design,Marketing,2026-04-24,1
1537,139,Operations,Operations,2026-04-04,0
1538,515,Data & Analytics,Software Engineering,2026-02-16,1
1539,180,Marketing,Operations,2025-09-20,0
1540,185,Customer Support,Customer Support,2025-11-08,0
1541,293,Marketing,Customer Support,2025-10-26,0
1542,519,Software Engineering,Marketing,2025-12-29,0
1543,392,Design,Software Engineering,2026-03-19,1
1544,382,Software Engineering,Customer Support,2025-09-11,0
1545,248,Marketing,Sales,2025-10-27,0
1546,98,Software Engineering,Software Engineering,2026-02-02,0
1547,234,Design,Software Engineering,2025-12-06,0
1548,207,Finance & Accounting,Finance & Accounting,2026-01-09,1
1549,353,Data & Analytics,Software Engineering,2025-09-13,0
1550,23,Data & Analytics,Software Engineering,2026-02-05,1
1551,85,Sales,Data & Analytics,2026-02-14,0
1552,548,Software Engineering,Operations,2025-10-07,0
1553,352,Marketing,Finance & Accounting,2025-10-16,0
1554,358,Marketing,Finance & Accounting,2026-03-27,1
1555,439,Marketing,Marketing,2026-02-01,0
1556,479,Data & Analytics,Design,2026-01-28,0
1557,38,Software Engineering,Software Engineering,2025-10-16,0
1558,107,Customer Support,Operations,2026-04-07,0
1559,517,Marketing,Data & Analytics,2025-10-28,0
1560,504,Sales,Operations,2025-12-01,1
1561,332,Customer Support,Software Engineering,2026-04-09,0
1562,257,Data & Analytics,Finance & Accounting,2025-11-20,0
1563,181,Design,Finance & Accounting,2026-02-05,0
1564,154,Design,Customer Support,2025-12-28,0
1565,559,Finance & Accounting,Software Engineering,2026-04-10,1
1566,421,Data & Analytics,Design,2025-09-01,0
1567,600,Sales,Customer Support,2025-11-03,0
1568,445,Data & Analytics,Data & Analytics,2026-04-08,1
1569,411,Operations,Operations,2026-01-07,0
1570,566,Design,Operations,2025-09-29,0
1571,151,Operations,Operations,2025-08-26,0
1572,217,Customer Support,Operations,2025-09-14,1
1573,32,Operations,Sales,2026-02-18,1
1574,554,Software Engineering,Customer Support,2025-08-25,0
1575,225,Finance & Accounting,Finance & Accounting,2025-10-12,0
1576,575,Operations,Software Engineering,2026-03-19,0
1577,168,Sales,Sales,2025-10-22,0
1578,497,Software Engineering,Sales,2025-12-15,0
1579,33,Software Engineering,Design,2025-11-28,0
1580,88,Design,Customer Support,2025-11-18,0
1581,443,Software Engineering,Data & Analytics,2025-09-06,1
1582,246,Operations,Finance & Accounting,2025-08-20,1
1583,459,Design,Marketing,2025-10-31,0
1584,360,Software Engineering,Sales,2025-09-18,0
1585,483,Marketing,Operations,2025-12-21,0
1586,448,Sales,Finance & Accounting,2026-04-18,0
1587,85,Customer Support,Marketing,2026-04-18,0
1588,192,Design,Software Engineering,2026-03-29,0
1589,219,Design,Operations,2025-09-27,0
1590,161,Marketing,Marketing,2025-08-14,1
1591,157,Customer Support,Operations,2026-01-03,1
1592,146,Finance & Accounting,Design,2026-01-07,0
1593,94,Design,Sales,2026-02-04,1
1594,231,Software Engineering,Operations,2025-10-06,0
1595,115,Marketing,Sales,2026-02-04,1
1596,588,Sales,Finance & Accounting,2025-08-13,1
1597,526,Sales,Finance & Accounting,2025-08-14,0
1598,145,Customer Support,Operations,2026-03-30,0
1599,163,Data & Analytics,Design,2026-04-29,0
1600,136,Customer Support,Customer Support,2026-04-06,0
1601,451,Operations,Marketing,2026-03-26,0
1602,479,Customer Support,Data & Analytics,2026-03-21,0
1603,294,Sales,Operations,2025-10-21,1
1604,146,Data & Analytics,Software Engineering,2025-11-30,0
1605,303,Operations,Operations,2026-01-26,0
1606,141,Finance & Accounting,Finance & Accounting,2025-11-08,0
1607,566,Customer Support,Customer Support,2026-03-01,1
1608,316,Sales,Finance & Accounting,2025-08-22,0
1609,353,Finance & Accounting,Design,2026-03-04,0
1610,204,Sales,Finance & Accounting,2025-08-31,1
1611,385,Sales,Customer Support,2026-01-31,0
1612,131,Design,Data & Analytics,2025-09-04,0
1613,554,Finance & Accounting,Design,2025-10-17,0
1614,56,Marketing,Operations,2025-12-24,0
1615,318,Customer Support,Finance & Accounting,2025-12-24,0
1616,94,Software Engineering,Customer Support,2026-03-06,1
1617,214,Marketing,Sales,2025-11-30,0
1618,13,Finance & Accounting,Data & Analytics,2026-01-10,0
1619,140,Finance & Accounting,Operations,2025-10-26,0
1620,136,Design,Software Engineering,2025-12-24,1
1621,551,Software Engineering,Sales,2026-04-23,0
1622,406,Finance & Accounting,Customer Support,2026-04-29,0
1623,234,Finance & Accounting,Customer Support,2025-10-30,0
1624,108,Marketing,Data & Analytics,2025-11-04,0
1625,364,Data & Analytics,Sales,2026-03-14,0
1626,223,Data & Analytics,Design,2025-09-09,1
1627,33,Finance & Accounting,Design,2026-03-22,1
1628,386,Software Engineering,Software Engineering,2025-10-10,0
1629,182,Data & Analytics,Design,2025-09-07,0
1630,26,Finance & Accounting,Finance & Accounting,2026-01-08,1
1631,518,Customer Support,Data & Analytics,2026-02-26,0
1632,518,Customer Support,Design,2026-03-20,0
1633,370,Design,Marketing,2026-04-01,0
1634,393,Finance & Accounting,Marketing,2026-01-22,0
1635,306,Design,Software Engineering,2026-01-04,0
1636,549,Design,Operations,2025-12-20,0
1637,317,Software Engineering,Operations,2025-12-03,0
1638,594,Operations,Marketing,2026-03-27,0
1639,343,Sales,Software Engineering,2026-04-10,0
1640,521,Sales,Design,2025-10-26,0
1641,182,Marketing,Finance & Accounting,2025-10-21,0
1642,435,Operations,Finance & Accounting,2026-02-14,1
1643,440,Data & Analytics,Customer Support,2025-10-13,0
1644,542,Data & Analytics,Data & Analytics,2025-12-11,0
1645,280,Customer Support,Finance & Accounting,2026-04-17,0
1646,295,Sales,Software Engineering,2025-08-14,0
1647,261,Customer Support,Finance & Accounting,2026-04-26,0
1648,377,Marketing,Software Engineering,2025-08-16,0
1649,444,Operations,Design,2025-09-12,0
1650,170,Marketing,Customer Support,2026-02-21,0
1651,229,Software Engineering,Sales,2026-01-20,1
1652,478,Operations,Software Engineering,2025-11-17,0
1653,426,Sales,Finance & Accounting,2026-03-07,0
1654,311,Finance & Accounting,Marketing,2025-09-25,1
1655,243,Data & Analytics,Sales,2026-04-12,0
1656,287,Operations,Software Engineering,2026-02-02,0
1657,104,Operations,Sales,2025-09-27,0
1658,556,Sales,Software Engineering,2025-11-03,0
1659,403,Sales,Sales,2026-01-03,0
1660,49,Operations,Finance & Accounting,2025-10-02,0
1661,593,Data & Analytics,Design,2026-01-09,0
1662,149,Customer Support,Finance & Accounting,2025-08-24,1
1663,99,Data & Analytics,Design,2026-04-23,0
1664,56,Design,Sales,2026-01-22,1
1665,334,Marketing,Data & Analytics,2026-02-12,0
1666,83,Marketing,Customer Support,2026-04-01,0
1667,134,Software Engineering,Operations,2026-03-25,0
1668,40,Operations,Data & Analytics,2025-12-10,0
1669,210,Operations,Design,2025-10-30,0
1670,188,Software Engineering,Customer Support,2026-04-26,0
1671,4,Software Engineering,Software Engineering,2025-12-20,1
1672,278,Software Engineering,Software Engineering,2025-12-11,0
1673,539,Software Engineering,Operations,2025-11-17,0
1674,393,Design,Marketing,2025-10-06,0
1675,213,Customer Support,Finance & Accounting,2025-12-26,1
1676,233,Finance & Accounting,Customer Support,2025-12-18,0
1677,559,Marketing,Sales,2025-10-04,0
1678,69,Sales,Sales,2026-04-21,0
1679,313,Software Engineering,Marketing,2025-09-25,0
1680,297,Operations,Finance & Accounting,2026-04-29,0
1681,359,Design,Sales,2026-02-19,1
1682,469,Operations,Design,2025-08-28,0
1683,6,Software Engineering,Finance & Accounting,2025-11-05,0
1684,456,Operations,Data & Analytics,2025-10-31,0
1685,410,Sales,Operations,2025-08-22,0
1686,138,Design,Finance & Accounting,2026-03-12,0
1687,505,Data & Analytics,Data & Analytics,2025-09-11,0
1688,13,Sales,Customer Support,2026-02-21,0
1689,205,Marketing,Data & Analytics,2026-02-18,0
1690,226,Data & Analytics,Sales,2025-10-26,0
1691,28,Sales,Data & Analytics,2026-02-10,1
1692,98,Data & Analytics,Software Engineering,2025-12-10,0
1693,463,Data & Analytics,Sales,2025-09-08,0
1694,198,Marketing,Design,2026-03-03,0
1695,59,Sales,Sales,2025-10-16,0
1696,378,Software Engineering,Design,2025-10-06,1
1697,226,Marketing,Software Engineering,2026-03-17,1
1698,57,Marketing,Design,2026-03-13,0
1699,232,Marketing,Operations,2025-08-22,0
1700,488,Data & Analytics,Design,2026-01-25,1
1701,39,Finance & Accounting,Marketing,2025-10-29,1
1702,313,Customer Support,Operations,2025-12-19,1
1703,564,Operations,Operations,2025-12-29,1
1704,490,Customer Support,Design,2025-12-13,0
1705,103,Finance & Accounting,Operations,2026-03-03,0
1706,207,Sales,Sales,2026-01-11,0
1707,421,Finance & Accounting,Data & Analytics,2026-01-15,0
1708,372,Marketing,Finance & Accounting,2025-09-09,0
1709,136,Marketing,Finance & Accounting,2026-03-20,0
1710,372,Operations,Software Engineering,2026-04-10,1
1711,16,Customer Support,Customer Support,2025-12-27,0
1712,111,Finance & Accounting,Finance & Accounting,2025-12-17,0
1713,116,Customer Support,Finance & Accounting,2025-10-24,0
1714,504,Operations,Sales,2026-03-19,0
1715,299,Design,Marketing,2026-02-21,0
1716,358,Data & Analytics,Customer Support,2026-03-06,0
1717,457,Operations,Software Engineering,2026-01-21,0
1718,105,Operations,Operations,2026-02-15,0
1719,451,Sales,Finance & Accounting,2025-11-14,1
1720,475,Finance & Accounting,Marketing,2025-11-25,1
1721,504,Finance & Accounting,Operations,2025-12-22,0
1722,461,Sales,Design,2026-01-02,0
1723,26,Customer Support,Marketing,2025-12-19,0
1724,267,Marketing,Sales,2025-10-07,0
1725,170,Data & Analytics,Customer Support,2026-03-04,0
1726,269,Design,Customer Support,2025-10-22,0
1727,30,Software Engineering,Finance & Accounting,2026-02-01,0
1728,134,Data & Analytics,Customer Support,2025-12-11,1
1729,593,Software Engineering,Customer Support,2025-10-05,1
1730,150,Software Engineering,Customer Support,2025-08-14,0
1731,176,Data & Analytics,Software Engineering,2025-08-24,1
1732,367,Design,Finance & Accounting,2025-08-19,0
1733,460,Data & Analytics,Finance & Accounting,2026-03-29,1
1734,505,Finance & Accounting,Data & Analytics,2026-02-19,1
1735,125,Software Engineering,Design,2026-02-25,1
1736,511,Marketing,Customer Support,2026-03-31,0
1737,279,Design,Software Engineering,2026-03-02,1
1738,407,Marketing,Operations,2025-12-15,0
1739,246,Marketing,Finance & Accounting,2025-11-03,0
1740,340,Data & Analytics,Software Engineering,2025-11-08,1
1741,328,Marketing,Sales,2025-11-21,0
1742,292,Design,Operations,2026-02-28,0
1743,343,Design,Operations,2025-09-27,0
1744,202,Finance & Accounting,Customer Support,2025-11-11,1
1745,124,Sales,Finance & Accounting,2026-01-08,0
1746,332,Data & Analytics,Customer Support,2026-01-07,1
1747,81,Marketing,Marketing,2026-02-22,0
1748,561,Software Engineering,Design,2026-02-16,0
1749,123,Software Engineering,Data & Analytics,2026-04-08,0
1750,392,Operations,Customer Support,2026-03-20,1
1751,146,Customer Support,Data & Analytics,2025-11-12,0
1752,559,Marketing,Software Engineering,2026-04-19,0
1753,588,Operations,Customer Support,2026-04-21,0
1754,197,Operations,Data & Analytics,2026-03-13,1
1755,149,Finance & Accounting,Marketing,2026-01-31,0
1756,113,Data & Analytics,Software Engineering,2026-03-08,0
1757,495,Finance & Accounting,Finance & Accounting,2025-09-22,0
1758,404,Sales,Data & Analytics,2025-12-07,1
1759,79,Design,Sales,2026-04-13,0
1760,320,Marketing,Design,2025-09-05,0
1761,401,Sales,Software Engineering,2025-10-05,1
1762,286,Design,Customer Support,2025-09-27,0
1763,98,Marketing,Operations,2025-10-16,1
1764,485,Software Engineering,Data & Analytics,2026-03-06,1
1765,444,Software Engineering,Marketing,2026-04-13,1
1766,518,Marketing,Customer Support,2026-04-01,0
1767,156,Design,Design,2026-02-26,0
1768,574,Operations,Design,2026-02-27,1
1769,280,Data & Analytics,Finance & Accounting,2025-09-21,0
1770,41,Operations,Software Engineering,2026-01-18,0
1771,136,Design,Customer Support,2026-04-07,0
1772,166,Software Engineering,Marketing,2026-04-11,0
1773,385,Sales,Software Engineering,2026-01-01,1
1774,526,Operations,Design,2025-10-05,1
1775,545,Software Engineering,Finance & Accounting,2026-04-17,0
1776,67,Design,Finance & Accounting,2025-09-05,0
1777,361,Design,Operations,2026-03-12,1
1778,242,Marketing,Marketing,2026-04-07,0
1779,96,Software Engineering,Finance & Accounting,2026-03-29,0
1780,524,Finance & Accounting,Operations,2025-12-16,0
1781,231,Customer Support,Finance & Accounting,2025-10-06,1
1782,540,Software Engineering,Customer Support,2026-03-04,1
1783,371,Finance & Accounting,Data & Analytics,2025-09-11,1
1784,354,Customer Support,Design,2025-09-16,1
1785,113,Operations,Design,2026-04-07,0
1786,56,Customer Support,Sales,2025-08-19,0
1787,120,Sales,Design,2025-11-19,0
1788,118,Design,Design,2026-01-11,0
1789,456,Finance & Accounting,Design,2025-11-17,0
1790,152,Design,Sales,2025-08-20,1
1791,155,Data & Analytics,Sales,2025-09-17,0
1792,444,Sales,Sales,2025-10-29,1
1793,262,Data & Analytics,Sales,2025-11-30,0
1794,186,Customer Support,Data & Analytics,2026-03-02,0
1795,546,Sales,Data & Analytics,2026-02-12,1
1796,460,Data & Analytics,Customer Support,2025-09-10,1
1797,316,Finance & Accounting,Data & Analytics,2026-03-17,0
1798,77,Data & Analytics,Operations,2025-12-07,1
1799,96,Operations,Customer Support,2025-12-19,0
1800,192,Finance & Accounting,Software Engineering,2025-11-02,0
1801,17,Software Engineering,Design,2025-08-17,1
1802,542,Marketing,Marketing,2025-12-22,0
1803,480,Operations,Software Engineering,2026-01-31,0
1804,170,Software Engineering,Sales,2025-12-27,0
1805,13,Design,Customer Support,2025-10-29,0
1806,47,Customer Support,Software Engineering,2025-12-20,1
1807,400,Design,Finance & Accounting,2025-10-19,0
1808,164,Design,Marketing,2025-12-06,0
1809,272,Customer Support,Customer Support,2025-09-28,0
1810,341,Data & Analytics,Operations,2026-03-20,0
1811,518,Design,Finance & Accounting,2025-09-21,1
1812,595,Design,Customer Support,2025-12-05,0
1813,117,Sales,Data & Analytics,2026-02-06,0
1814,389,Operations,Marketing,2026-01-19,1
1815,547,Software Engineering,Design,2026-03-25,0
1816,211,Finance & Accounting,Sales,2025-12-20,0
1817,108,Design,Sales,2026-02-06,0
1818,84,Customer Support,Marketing,2026-04-25,0
1819,170,Design,Design,2026-04-12,1
1820,348,Operations,Data & Analytics,2025-10-13,0
1821,392,Marketing,Software Engineering,2026-04-06,1
1822,391,Data & Analytics,Design,2026-02-27,0
1823,340,Design,Customer Support,2025-08-22,1
1824,417,Finance & Accounting,Finance & Accounting,2025-08-27,0
1825,274,Finance & Accounting,Software Engineering,2025-10-22,0
1826,330,Customer Support,Operations,2025-12-03,0
1827,450,Data & Analytics,Design,2025-11-27,0
1828,548,Design,Customer Support,2025-10-23,1
1829,119,Customer Support,Marketing,2026-01-05,1
1830,473,Marketing,Operations,2026-03-26,0
1831,244,Software Engineering,Sales,2026-03-01,1
1832,244,Customer Support,Finance & Accounting,2026-01-19,0
1833,556,Software Engineering,Operations,2025-10-03,0
1834,583,Design,Operations,2025-11-29,0
1835,415,Customer Support,Marketing,2025-11-08,0
1836,563,Customer Support,Finance & Accounting,2025-10-08,1
1837,196,Sales,Finance & Accounting,2026-03-31,1
1838,439,Data & Analytics,Data & Analytics,2026-01-05,0
1839,581,Operations,Sales,2026-03-26,1
1840,488,Operations,Customer Support,2025-11-26,0
1841,3,Data & Analytics,Operations,2026-04-17,0
1842,220,Marketing,Customer Support,2025-11-05,0
1843,46,Finance & Accounting,Design,2026-02-16,0
1844,125,Operations,Operations,2025-10-09,0
1845,295,Sales,Software Engineering,2026-04-12,0
1846,568,Customer Support,Operations,2025-12-04,1
1847,26,Software Engineering,Marketing,2025-08-18,1
1848,30,Software Engineering,Finance & Accounting,2025-11-01,0
1849,402,Finance & Accounting,Operations,2025-08-29,0
1850,251,Design,Sales,2026-03-18,1
1851,398,Sales,Sales,2026-01-11,0
1852,517,Customer Support,Design,2025-11-10,0
1853,38,Customer Support,Customer Support,2025-08-17,0
1854,54,Design,Sales,2025-11-11,0
1855,228,Sales,Software Engineering,2025-08-19,0
1856,152,Software Engineering,Design,2025-08-13,0
1857,272,Design,Software Engineering,2025-12-05,0
1858,68,Sales,Sales,2026-04-09,0
1859,115,Customer Support,Sales,2025-10-16,1
1860,40,Sales,Design,2025-12-12,1
1861,119,Customer Support,Finance & Accounting,2026-03-13,0
1862,156,Software Engineering,Design,2026-03-24,1
1863,449,Sales,Sales,2026-03-27,1
1864,47,Finance & Accounting,Finance & Accounting,2026-02-21,0
1865,97,Software Engineering,Sales,2026-04-23,0
1866,82,Customer Support,Design,2026-03-01,1
1867,534,Data & Analytics,Sales,2026-04-13,0
1868,340,Sales,Data & Analytics,2026-02-06,0
1869,579,Marketing,Customer Support,2025-11-29,0
1870,37,Data & Analytics,Software Engineering,2026-02-14,0
1871,359,Finance & Accounting,Sales,2025-09-03,1
1872,186,Software Engineering,Sales,2025-12-29,0
1873,68,Design,Finance & Accounting,2025-11-11,0
1874,248,Design,Finance & Accounting,2025-11-24,0
1875,575,Marketing,Marketing,2025-11-26,0
1876,431,Finance & Accounting,Finance & Accounting,2026-03-08,0
1877,364,Software Engineering,Finance & Accounting,2025-11-07,0
1878,146,Sales,Data & Analytics,2026-02-15,0
1879,146,Sales,Design,2026-04-19,0
1880,550,Customer Support,Operations,2026-04-16,0
1881,467,Customer Support,Software Engineering,2025-10-29,0
1882,433,Data & Analytics,Finance & Accounting,2026-02-10,0
1883,414,Operations,Marketing,2026-03-14,0
1884,396,Operations,Customer Support,2025-08-19,0
1885,489,Software Engineering,Data & Analytics,2026-04-29,0
1886,136,Operations,Sales,2025-12-11,0
1887,530,Finance & Accounting,Design,2026-04-20,1
1888,23,Finance & Accounting,Sales,2025-09-14,0
1889,558,Operations,Software Engineering,2025-10-09,0
1890,576,Design,Data & Analytics,2025-09-03,0
1891,274,Marketing,Operations,2026-03-12,0
1892,132,Finance & Accounting,Data & Analytics,2026-02-10,0
1893,541,Software Engineering,Sales,2026-03-25,0
1894,10,Sales,Data & Analytics,2025-08-30,0
1895,124,Finance & Accounting,Software Engineering,2025-09-10,0
1896,110,Sales,Customer Support,2026-04-20,1
1897,172,Marketing,Design,2026-01-09,0
1898,319,Customer Support,Sales,2026-01-22,1
1899,256,Software Engineering,Sales,2026-01-19,0
1900,542,Marketing,Data & Analytics,2025-08-24,1
1901,58,Operations,Customer Support,2026-04-02,0
1902,229,Sales,Operations,2025-11-15,0
1903,457,Marketing,Customer Support,2025-10-04,1
1904,235,Operations,Finance & Accounting,2025-10-07,0
1905,218,Design,Software Engineering,2026-02-11,0
1906,310,Software Engineering,Data & Analytics,2025-11-16,1
1907,255,Design,Design,2025-09-01,0
1908,204,Software Engineering,Finance & Accounting,2026-04-28,0
1909,378,Marketing,Data & Analytics,2026-01-12,0
1910,494,Finance & Accounting,Operations,2025-10-02,0
1911,534,Sales,Marketing,2025-11-18,0
1912,50,Design,Design,2025-09-19,1
1913,587,Operations,Customer Support,2026-02-17,0
1914,238,Marketing,Design,2025-10-09,0
1915,506,Customer Support,Design,2026-02-22,1
1916,440,Design,Software Engineering,2026-01-11,1
1917,341,Finance & Accounting,Data & Analytics,2026-03-14,1
1918,525,Data & Analytics,Finance & Accounting,2025-12-18,0
1919,159,Software Engineering,Marketing,2025-10-11,1
1920,19,Software Engineering,Marketing,2025-11-23,0
1921,560,Customer Support,Marketing,2026-01-01,0
1922,456,Finance & Accounting,Operations,2025-09-28,1
1923,213,Operations,Design,2025-10-18,1
1924,269,Sales,Design,2026-02-23,0
1925,115,Operations,Marketing,2025-08-22,1
1926,72,Finance & Accounting,Marketing,2025-09-25,0
1927,384,Software Engineering,Finance & Accounting,2025-11-23,1
1928,395,Customer Support,Operations,2026-04-27,0
1929,230,Finance & Accounting,Marketing,2026-03-30,0
1930,76,Design,Software Engineering,2026-01-29,0
1931,502,Design,Design,2026-02-19,1
1932,437,Marketing,Operations,2026-01-25,0
1933,587,Customer Support,Customer Support,2025-12-16,0
1934,490,Finance & Accounting,Operations,2026-02-11,0
1935,489,Finance & Accounting,Customer Support,2026-04-15,0
1936,328,Software Engineering,Customer Support,2026-01-17,0
1937,162,Marketing,Marketing,2026-04-26,0
1938,417,Software Engineering,Design,2025-11-01,0
1939,455,Operations,Sales,2025-09-11,0
1940,300,Finance & Accounting,Customer Support,2026-01-18,0
1941,47,Operations,Data & Analytics,2026-03-20,1
1942,140,Software Engineering,Design,2025-12-07,0
1943,156,Software Engineering,Customer Support,2025-12-08,0
1944,174,Design,Design,2025-12-03,0
1945,545,Marketing,Software Engineering,2026-04-18,1
1946,416,Sales,Data & Analytics,2026-02-04,0
1947,533,Operations,Sales,2026-01-27,1
1948,56,Customer Support,Software Engineering,2025-09-12,0
1949,410,Finance & Accounting,Design,2025-09-07,0
1950,206,Marketing,Marketing,2025-09-07,0
1951,578,Software Engineering,Software Engineering,2025-12-31,0
1952,283,Operations,Finance & Accounting,2026-02-15,0
1953,160,Operations,Customer Support,2026-01-12,0
1954,443,Sales,Software Engineering,2026-03-07,1
1955,331,Data & Analytics,Sales,2026-02-26,1
1956,406,Design,Software Engineering,2025-11-03,1
1957,569,Software Engineering,Sales,2026-03-20,1
1958,363,Sales,Finance & Accounting,2025-11-11,1
1959,21,Customer Support,Data & Analytics,2026-03-08,1
1960,14,Finance & Accounting,Software Engineering,2025-08-15,0
1961,137,Software Engineering,Sales,2025-09-01,0
1962,448,Software Engineering,Data & Analytics,2026-04-24,1
1963,442,Operations,Sales,2026-03-09,1
1964,591,Finance & Accounting,Sales,2025-08-19,1
1965,435,Operations,Finance & Accounting,2025-12-28,0
1966,338,Operations,Finance & Accounting,2025-10-23,0
1967,455,Data & Analytics,Customer Support,2025-11-02,0
1968,511,Software Engineering,Operations,2025-12-15,0
1969,79,Design,Marketing,2026-01-04,0
1970,390,Operations,Design,2026-02-21,1
1971,212,Marketing,Marketing,2025-10-28,0
1972,83,Finance & Accounting,Design,2026-04-15,0
1973,214,Operations,Software Engineering,2026-04-15,0
1974,180,Marketing,Software Engineering,2026-01-12,0
1975,294,Finance & Accounting,Software Engineering,2026-02-09,1
1976,161,Finance & Accounting,Sales,2026-02-22,0
1977,98,Sales,Sales,2025-11-27,0
1978,339,Finance & Accounting,Design,2026-03-13,1
1979,472,Operations,Software Engineering,2025-10-20,1
1980,29,Finance & Accounting,Marketing,2026-03-31,0
1981,227,Customer Support,Software Engineering,2026-01-09,1
1982,535,Design,Sales,2025-09-16,0
1983,477,Operations,Operations,2025-11-06,0
1984,155,Design,Data & Analytics,2026-03-16,0
1985,340,Sales,Data & Analytics,2025-10-09,0
1986,567,Sales,Customer Support,2025-08-21,1
1987,350,Data & Analytics,Operations,2025-09-24,0
1988,29,Design,Marketing,2025-11-10,0
1989,341,Finance & Accounting,Marketing,2025-08-30,0
1990,478,Software Engineering,Finance & Accounting,2026-01-21,1
1991,282,Sales,Sales,2026-01-22,1
1992,193,Customer Support,Operations,2025-09-30,1
1993,565,Sales,Software Engineering,2025-08-19,0
1994,500,Design,Sales,2025-08-18,1
1995,433,Finance & Accounting,Customer Support,2026-03-17,1
1996,213,Finance & Accounting,Software Engineering,2025-11-26,0
1997,259,Sales,Finance & Accounting,2025-09-01,1
1998,18,Sales,Design,2025-11-28,0
1999,542,Data & Analytics,Design,2026-02-27,0
2000,79,Customer Support,Data & Analytics,2026-01-08,1
2001,145,Finance & Accounting,Finance & Accounting,2026-02-06,0
2002,390,Software Engineering,Marketing,2025-10-05,1
2003,333,Sales,Sales,2026-01-17,1
2004,359,Data & Analytics,Marketing,2026-01-04,0
2005,125,Marketing,Software Engineering,2025-10-06,1
2006,344,Software Engineering,Finance & Accounting,2026-04-20,1
2007,426,Operations,Finance & Accounting,2025-09-09,1
2008,202,Design,Software Engineering,2025-09-28,0
2009,235,Software Engineering,Design,2025-08-17,0
2010,393,Operations,Finance & Accounting,2025-11-15,0
2011,480,Operations,Customer Support,2026-04-28,0
2012,430,Design,Finance & Accounting,2026-02-11,0
2013,205,Data & Analytics,Customer Support,2026-04-21,1
2014,130,Design,Design,2026-01-06,0
2015,174,Design,Sales,2025-11-14,0
2016,39,Finance & Accounting,Design,2025-10-13,0
2017,479,Sales,Finance & Accounting,2025-10-04,0
2018,29,Design,Operations,2026-02-06,1
2019,474,Data & Analytics,Design,2025-11-08,0
2020,266,Design,Marketing,2025-09-19,0
2021,64,Design,Software Engineering,2026-04-05,0
2022,324,Customer Support,Finance & Accounting,2025-10-25,0
2023,10,Customer Support,Marketing,2026-02-17,1
2024,254,Data & Analytics,Sales,2026-01-16,0
2025,8,Operations,Customer Support,2026-03-20,0
2026,292,Design,Marketing,2025-12-31,0
2027,469,Marketing,Operations,2025-09-13,0
2028,120,Design,Software Engineering,2025-09-07,0
2029,472,Data & Analytics,Sales,2025-12-31,1
2030,64,Customer Support,Sales,2025-11-05,1
2031,273,Design,Software Engineering,2025-09-24,1
2032,285,Design,Data & Analytics,2025-09-10,0
2033,594,Design,Data & Analytics,2026-03-26,0
2034,38,Software Engineering,Software Engineering,2025-12-01,1
2035,550,Data & Analytics,Operations,2025-12-11,0
2036,181,Customer Support,Finance & Accounting,2025-08-14,1
2037,221,Sales,Customer Support,2025-08-25,0
2038,290,Customer Support,Sales,2026-02-24,0
2039,491,Design,Software Engineering,2025-09-17,0
2040,51,Customer Support,Finance & Accounting,2026-04-14,0
2041,491,Software Engineering,Software Engineering,2025-12-15,1
2042,269,Software Engineering,Customer Support,2025-11-28,0
2043,345,Data & Analytics,Customer Support,2025-11-01,1
2044,283,Software Engineering,Marketing,2026-03-22,0
2045,512,Finance & Accounting,Software Engineering,2026-02-11,0
2046,2,Sales,Design,2025-11-17,0
2047,461,Data & Analytics,Design,2026-04-22,0
2048,525,Data & Analytics,Customer Support,2026-03-18,0
2049,89,Design,Sales,2026-02-27,0
2050,416,Design,Operations,2026-02-05,0
2051,272,Design,Sales,2026-01-15,1
2052,203,Finance & Accounting,Software Engineering,2025-12-19,0
2053,344,Customer Support,Data & Analytics,2026-01-13,0
2054,377,Marketing,Marketing,2025-10-03,1
2055,411,Data & Analytics,Marketing,2026-01-25,1
2056,183,Customer Support,Data & Analytics,2025-09-09,0
2057,455,Software Engineering,Sales,2025-08-26,1
2058,294,Sales,Sales,2025-10-05,1
2059,157,Software Engineering,Design,2025-09-10,0
2060,134,Marketing,Design,2025-09-19,0
2061,28,Operations,Operations,2026-02-06,0
2062,139,Customer Support,Customer Support,2025-12-17,0
2063,524,Software Engineering,Sales,2025-12-02,1
2064,340,Software Engineering,Sales,2026-04-02,0
2065,581,Operations,Finance & Accounting,2026-02-21,0
2066,487,Design,Software Engineering,2025-10-11,1
2067,34,Operations,Sales,2025-12-05,0
2068,496,Sales,Operations,2025-09-06,0
2069,281,Marketing,Operations,2026-02-22,0
2070,153,Data & Analytics,Software Engineering,2025-08-24,0
2071,355,Finance & Accounting,Data & Analytics,2026-02-10,1
2072,546,Operations,Operations,2025-11-16,0
2073,23,Operations,Finance & Accounting,2025-11-08,0
2074,374,Customer Support,Customer Support,2026-03-26,0
2075,93,Sales,Software Engineering,2026-02-27,0
2076,313,Design,Data & Analytics,2025-08-27,1
2077,547,Customer Support,Data & Analytics,2026-03-09,0
2078,86,Operations,Operations,2025-11-26,0
2079,132,Customer Support,Customer Support,2026-04-14,0
2080,49,Sales,Software Engineering,2026-04-01,0
2081,438,Customer Support,Software Engineering,2025-09-06,0
2082,96,Design,Design,2025-11-28,0
2083,489,Software Engineering,Marketing,2025-09-26,0
2084,238,Marketing,Software Engineering,2025-09-08,0
2085,111,Data & Analytics,Design,2026-04-01,0
2086,278,Finance & Accounting,Software Engineering,2025-09-05,0
2087,128,Data & Analytics,Sales,2026-02-14,0
2088,583,Sales,Sales,2025-09-23,0
2089,448,Data & Analytics,Operations,2026-04-24,0
2090,426,Operations,Operations,2026-03-01,0
2091,53,Design,Design,2025-08-17,0
2092,143,Customer Support,Finance & Accounting,2025-09-09,0
2093,509,Operations,Sales,2025-10-29,0
2094,59,Design,Data & Analytics,2026-03-05,1
2095,86,Design,Customer Support,2025-09-03,1
2096,55,Design,Sales,2025-09-27,0
2097,281,Customer Support,Design,2026-04-28,0
2098,239,Operations,Data & Analytics,2025-09-10,0
2099,191,Customer Support,Finance & Accounting,2026-03-31,0
2100,316,Design,Design,2025-12-07,1
2101,185,Design,Data & Analytics,2025-08-29,0
2102,80,Finance & Accounting,Marketing,2026-03-14,0
2103,184,Design,Customer Support,2026-01-03,0
2104,497,Finance & Accounting,Sales,2025-10-23,0
2105,337,Operations,Sales,2025-08-28,0
2106,1,Design,Operations,2025-09-30,0
2107,272,Sales,Operations,2026-01-30,0
2108,304,Design,Finance & Accounting,2026-01-16,0
2109,279,Sales,Finance & Accounting,2025-10-03,0
2110,38,Operations,Data & Analytics,2026-04-12,0
2111,499,Finance & Accounting,Design,2025-10-01,0
2112,315,Finance & Accounting,Finance & Accounting,2026-03-02,0
2113,46,Operations,Software Engineering,2026-01-24,0
2114,91,Finance & Accounting,Marketing,2026-04-19,0
2115,588,Customer Support,Data & Analytics,2026-01-04,1
2116,45,Operations,Customer Support,2026-02-12,0
2117,221,Design,Customer Support,2025-10-11,1
2118,531,Software Engineering,Sales,2025-10-30,1
2119,382,Sales,Operations,2025-11-03,0
2120,7,Software Engineering,Finance & Accounting,2025-12-10,0
2121,247,Customer Support,Sales,2025-11-22,1
2122,228,Sales,Software Engineering,2025-10-16,0
2123,254,Sales,Marketing,2025-10-10,0
2124,439,Finance & Accounting,Software Engineering,2025-09-02,0
2125,347,Customer Support,Operations,2025-09-02,0
2126,47,Finance & Accounting,Design,2025-10-11,0
2127,425,Finance & Accounting,Sales,2025-08-23,0
2128,585,Design,Operations,2026-02-16,0
2129,498,Design,Marketing,2026-04-08,0
2130,498,Sales,Sales,2025-11-28,0
2131,57,Design,Finance & Accounting,2026-04-03,0
2132,408,Operations,Customer Support,2026-03-28,0
2133,61,Design,Data & Analytics,2026-01-03,0
2134,413,Marketing,Operations,2025-09-19,0
2135,434,Sales,Sales,2025-12-21,0
2136,15,Operations,Operations,2026-01-06,0
2137,267,Marketing,Sales,2026-03-14,0
2138,501,Sales,Customer Support,2026-02-22,1
2139,372,Sales,Operations,2026-04-18,0
2140,479,Data & Analytics,Software Engineering,2026-01-05,1
2141,45,Finance & Accounting,Software Engineering,2025-09-20,0
2142,299,Software Engineering,Customer Support,2025-10-14,1
2143,566,Customer Support,Customer Support,2025-11-04,1
2144,547,Sales,Design,2026-01-09,0
2145,280,Customer Support,Marketing,2026-04-24,0
2146,228,Sales,Design,2025-10-14,0
2147,24,Marketing,Software Engineering,2025-11-20,1
2148,557,Finance & Accounting,Design,2025-09-02,0
2149,421,Software Engineering,Finance & Accounting,2025-12-28,1
2150,10,Customer Support,Software Engineering,2026-01-15,0
2151,57,Customer Support,Software Engineering,2025-09-18,0
2152,182,Sales,Data & Analytics,2025-12-26,0
2153,12,Design,Marketing,2025-12-06,1
2154,371,Marketing,Software Engineering,2025-12-09,0
2155,557,Marketing,Software Engineering,2026-02-23,0
2156,322,Marketing,Design,2026-02-21,1
2157,306,Customer Support,Sales,2025-10-24,0
2158,35,Customer Support,Marketing,2026-04-19,0
2159,468,Sales,Sales,2025-09-15,0
2160,120,Data & Analytics,Operations,2025-11-08,0
2161,484,Marketing,Marketing,2025-08-16,0
2162,190,Marketing,Customer Support,2025-08-19,0
2163,50,Design,Customer Support,2025-11-24,0
2164,193,Software Engineering,Sales,2025-11-27,0
2165,163,Data & Analytics,Design,2025-11-23,1
2166,184,Software Engineering,Operations,2025-08-16,1
2167,182,Data & Analytics,Finance & Accounting,2025-11-29,1
2168,579,Design,Marketing,2025-12-26,0
2169,73,Sales,Finance & Accounting,2025-08-27,0
2170,144,Sales,Software Engineering,2026-04-28,0
2171,139,Customer Support,Operations,2025-11-21,1
2172,522,Marketing,Sales,2026-02-17,1
2173,483,Finance & Accounting,Software Engineering,2026-02-08,0
2174,454,Data & Analytics,Data & Analytics,2026-03-09,0
2175,165,Sales,Operations,2025-10-08,0
2176,146,Data & Analytics,Operations,2025-11-14,1
2177,220,Marketing,Customer Support,2026-01-29,1
2178,65,Design,Operations,2026-03-29,0
2179,329,Operations,Software Engineering,2026-01-26,0
2180,206,Software Engineering,Customer Support,2026-03-11,0
2181,413,Finance & Accounting,Customer Support,2025-11-09,0
2182,331,Design,Design,2025-08-22,0
2183,104,Data & Analytics,Data & Analytics,2026-01-09,1
2184,337,Data & Analytics,Data & Analytics,2025-09-22,1
2185,66,Operations,Customer Support,2025-08-14,0
2186,485,Operations,Sales,2026-03-25,0
2187,200,Software Engineering,Operations,2026-04-16,1
2188,111,Marketing,Marketing,2026-02-08,0
2189,198,Data & Analytics,Design,2025-10-05,1
2190,215,Software Engineering,Sales,2025-09-15,0
2191,232,Software Engineering,Design,2026-04-23,1
2192,580,Marketing,Operations,2026-04-03,0
2193,353,Data & Analytics,Customer Support,2026-01-05,0
2194,39,Software Engineering,Sales,2025-09-07,0
2195,425,Customer Support,Data & Analytics,2025-10-14,0
2196,180,Finance & Accounting,Design,2026-02-23,0
2197,460,Marketing,Design,2026-03-06,1
2198,15,Customer Support,Data & Analytics,2025-11-06,0
2199,69,Data & Analytics,Sales,2026-03-04,0
2200,221,Sales,Finance & Accounting,2026-01-02,0
2201,68,Marketing,Sales,2025-09-21,0
2202,319,Software Engineering,Customer Support,2026-04-05,0
2203,476,Finance & Accounting,Design,2026-04-21,1
2204,290,Marketing,Software Engineering,2025-10-21,0
2205,21,Design,Design,2025-10-05,0
2206,129,Operations,Data & Analytics,2025-10-02,1
2207,515,Data & Analytics,Finance & Accounting,2026-02-01,0
2208,287,Design,Software Engineering,2026-01-22,0
2209,507,Software Engineering,Design,2026-04-28,1
2210,405,Sales,Operations,2026-03-02,1
2211,586,Sales,Operations,2025-11-16,1
2212,124,Design,Marketing,2026-03-01,0
2213,233,Sales,Finance & Accounting,2025-09-04,0
2214,184,Data & Analytics,Marketing,2026-03-14,0
2215,332,Design,Finance & Accounting,2025-11-12,0
2216,251,Customer Support,Operations,2025-09-27,0
2217,7,Finance & Accounting,Customer Support,2026-03-11,0
2218,249,Customer Support,Data & Analytics,2025-12-22,0
2219,390,Finance & Accounting,Data & Analytics,2025-11-29,0
2220,493,Sales,Finance & Accounting,2026-03-20,0
2221,557,Design,Marketing,2026-01-23,0
2222,170,Marketing,Marketing,2025-11-19,1
2223,88,Operations,Software Engineering,2026-04-27,0
2224,287,Sales,Software Engineering,2026-01-27,0
2225,276,Marketing,Sales,2025-09-13,0
2226,277,Design,Sales,2025-11-11,0
2227,183,Design,Software Engineering,2026-01-16,0
2228,32,Operations,Data & Analytics,2026-04-05,0
2229,34,Design,Finance & Accounting,2025-09-19,1
2230,470,Operations,Finance & Accounting,2025-12-05,0
2231,4,Data & Analytics,Operations,2026-03-23,1
2232,85,Data & Analytics,Marketing,2026-02-26,1
2233,71,Data & Analytics,Customer Support,2026-01-28,0
2234,268,Operations,Marketing,2026-01-01,0
2235,222,Marketing,Customer Support,2025-10-18,1
2236,502,Design,Data & Analytics,2026-02-09,1
2237,403,Design,Marketing,2025-10-31,0
2238,190,Software Engineering,Finance & Accounting,2025-11-30,0
2239,268,Data & Analytics,Finance & Accounting,2026-01-09,1
2240,37,Marketing,Data & Analytics,2026-03-11,1
2241,69,Design,Customer Support,2025-08-26,1
2242,465,Sales,Sales,2025-11-04,0
2243,432,Data & Analytics,Data & Analytics,2026-02-26,0
2244,400,Software Engineering,Operations,2026-02-13,0
2245,586,Marketing,Software Engineering,2025-09-28,0
2246,171,Design,Customer Support,2025-09-15,1
2247,440,Sales,Design,2026-04-15,0
2248,230,Marketing,Design,2026-03-04,0
2249,511,Data & Analytics,Sales,2026-01-08,1
2250,412,Sales,Operations,2026-01-15,0
2251,240,Operations,Software Engineering,2025-11-11,0
2252,526,Operations,Marketing,2025-10-10,0
2253,503,Design,Data & Analytics,2025-10-23,0
2254,572,Software Engineering,Customer Support,2026-01-27,0
2255,482,Marketing,Marketing,2025-10-15,0
2256,81,Data & Analytics,Design,2026-03-08,0
2257,183,Customer Support,Sales,2026-01-02,0
2258,433,Sales,Finance & Accounting,2025-09-21,1
2259,291,Data & Analytics,Marketing,2025-09-26,1
2260,166,Operations,Customer Support,2025-11-19,1
2261,363,Customer Support,Data & Analytics,2025-09-19,1
2262,534,Finance & Accounting,Design,2025-12-02,1
2263,457,Software Engineering,Data & Analytics,2026-03-05,0
2264,519,Finance & Accounting,Data & Analytics,2025-09-11,1
2265,586,Operations,Marketing,2025-09-08,0
2266,394,Operations,Software Engineering,2025-12-15,0
2267,360,Software Engineering,Sales,2026-04-04,0
2268,555,Sales,Design,2025-10-30,1
2269,47,Design,Customer Support,2025-09-20,1
2270,354,Operations,Marketing,2026-02-21,0
2271,415,Software Engineering,Design,2025-08-21,1
2272,522,Operations,Marketing,2026-03-06,0
2273,100,Marketing,Sales,2025-10-22,1
2274,238,Finance & Accounting,Marketing,2025-09-06,1
2275,575,Operations,Software Engineering,2026-01-12,1
2276,36,Customer Support,Customer Support,2025-10-18,0
2277,579,Operations,Marketing,2026-04-11,0
2278,494,Customer Support,Sales,2025-10-13,0
2279,514,Finance & Accounting,Data & Analytics,2025-08-21,0
2280,420,Operations,Software Engineering,2025-09-02,1
2281,48,Customer Support,Customer Support,2026-01-26,0
2282,293,Design,Marketing,2025-09-29,1
2283,593,Software Engineering,Finance & Accounting,2025-11-02,1
2284,565,Customer Support,Data & Analytics,2025-09-09,1
2285,221,Design,Sales,2025-08-22,1
2286,440,Sales,Data & Analytics,2025-10-10,0
2287,438,Customer Support,Operations,2026-04-24,0
2288,523,Sales,Customer Support,2026-04-02,1
2289,253,Design,Marketing,2025-12-10,0
2290,234,Customer Support,Operations,2026-04-15,0
2291,308,Design,Customer Support,2026-02-19,1
2292,165,Marketing,Finance & Accounting,2025-12-03,0
2293,121,Design,Operations,2025-11-23,0
2294,306,Customer Support,Customer Support,2026-01-04,0
2295,541,Finance & Accounting,Design,2025-09-16,0
2296,298,Finance & Accounting,Finance & Accounting,2026-03-05,0
2297,416,Operations,Design,2026-03-23,0
2298,422,Marketing,Operations,2026-02-03,0
2299,345,Software Engineering,Design,2025-10-15,0
2300,438,Design,Finance & Accounting,2026-02-27,0
2301,116,Customer Support,Software Engineering,2025-12-25,1
2302,29,Design,Marketing,2025-12-07,0
2303,247,Software Engineering,Data & Analytics,2025-09-17,0
2304,150,Customer Support,Finance & Accounting,2025-09-26,0
2305,239,Design,Customer Support,2025-09-20,0
2306,519,Finance & Accounting,Operations,2025-10-31,0
2307,50,Customer Support,Customer Support,2026-04-22,0
2308,222,Marketing,Design,2025-09-16,0
2309,364,Design,Data & Analytics,2025-11-20,0
2310,470,Sales,Data & Analytics,2025-09-23,1
2311,347,Sales,Operations,2026-04-17,0
2312,11,Design,Operations,2025-11-18,0
2313,342,Data & Analytics,Design,2025-09-16,0
2314,329,Sales,Marketing,2025-12-29,0
2315,271,Marketing,Software Engineering,2025-12-09,0
2316,440,Operations,Finance & Accounting,2025-10-02,0
2317,127,Marketing,Customer Support,2025-10-12,0
2318,29,Customer Support,Sales,2025-12-16,0
2319,365,Sales,Customer Support,2025-11-13,1
2320,532,Marketing,Operations,2026-04-10,0
2321,299,Operations,Design,2026-01-02,0
2322,146,Software Engineering,Operations,2026-04-28,0
2323,368,Software Engineering,Design,2026-03-09,0
2324,8,Sales,Software Engineering,2025-12-26,1
2325,146,Customer Support,Marketing,2025-11-03,1
2326,351,Design,Sales,2026-02-27,0
2327,261,Finance & Accounting,Customer Support,2026-01-21,0
2328,483,Software Engineering,Design,2025-09-20,1
2329,494,Data & Analytics,Software Engineering,2025-10-18,0
2330,309,Customer Support,Marketing,2025-10-27,1
2331,374,Customer Support,Customer Support,2026-01-18,0
2332,183,Sales,Marketing,2025-09-18,1
2333,16,Data & Analytics,Sales,2025-12-06,0
2334,335,Design,Marketing,2026-03-27,0
2335,417,Data & Analytics,Data & Analytics,2025-08-15,1
2336,103,Design,Marketing,2025-10-23,0
2337,470,Customer Support,Sales,2025-09-04,1
2338,298,Customer Support,Design,2026-03-23,0
2339,134,Sales,Operations,2025-11-16,0
2340,258,Marketing,Sales,2025-09-04,1
2341,333,Marketing,Sales,2026-03-13,1
2342,127,Software Engineering,Finance & Accounting,2025-10-09,1
2343,546,Marketing,Finance & Accounting,2026-03-04,1
2344,511,Sales,Customer Support,2025-11-05,0
2345,22,Software Engineering,Marketing,2026-03-11,1
2346,392,Data & Analytics,Sales,2026-02-16,0
2347,473,Operations,Finance & Accounting,2026-04-04,0
2348,70,Sales,Marketing,2026-04-21,0
2349,481,Customer Support,Finance & Accounting,2025-10-10,0
2350,1,Software Engineering,Sales,2026-03-20,0
2351,533,Marketing,Operations,2025-09-08,0
2352,148,Operations,Customer Support,2025-08-17,0
2353,571,Sales,Finance & Accounting,2026-01-13,0
2354,587,Data & Analytics,Sales,2025-08-31,0
2355,159,Sales,Sales,2026-02-16,0
2356,420,Software Engineering,Software Engineering,2025-09-19,0
2357,162,Sales,Data & Analytics,2026-02-16,0
2358,497,Sales,Operations,2025-09-01,0
2359,460,Software Engineering,Marketing,2026-03-20,0
2360,130,Software Engineering,Finance & Accounting,2026-03-16,0
2361,374,Software Engineering,Software Engineering,2025-12-15,0
2362,129,Design,Marketing,2025-11-07,0
2363,121,Sales,Data & Analytics,2026-03-31,0
2364,195,Operations,Sales,2025-09-28,0
2365,183,Marketing,Operations,2026-01-14,0
2366,221,Data & Analytics,Marketing,2025-12-25,1
2367,395,Data & Analytics,Marketing,2026-04-04,0
2368,440,Operations,Sales,2026-03-18,1
2369,371,Customer Support,Software Engineering,2026-02-27,1
2370,216,Design,Software Engineering,2025-10-07,1
2371,500,Customer Support,Marketing,2026-03-08,0
2372,490,Customer Support,Finance & Accounting,2025-10-07,0
2373,241,Finance & Accounting,Customer Support,2025-11-19,1
2374,240,Software Engineering,Design,2025-11-19,0
2375,381,Customer Support,Customer Support,2026-02-24,0
2376,500,Sales,Sales,2026-02-03,1
2377,520,Operations,Data & Analytics,2025-12-28,0
2378,167,Sales,Customer Support,2026-02-21,0
2379,441,Data & Analytics,Data & Analytics,2025-09-19,1
2380,520,Sales,Sales,2025-11-10,0
2381,569,Customer Support,Operations,2026-01-26,0
2382,263,Sales,Design,2026-02-13,1
2383,16,Marketing,Sales,2026-04-08,1
2384,286,Customer Support,Customer Support,2026-04-03,1
2385,512,Design,Finance & Accounting,2025-12-20,0
2386,378,Sales,Finance & Accounting,2026-01-25,0
2387,313,Finance & Accounting,Marketing,2026-03-04,0
2388,260,Data & Analytics,Sales,2025-09-14,0
2389,582,Finance & Accounting,Customer Support,2025-09-29,1
2390,578,Operations,Design,2026-04-19,0
2391,509,Finance & Accounting,Finance & Accounting,2026-04-10,0
2392,59,Operations,Software Engineering,2025-11-09,0
2393,155,Design,Customer Support,2025-12-26,0
2394,407,Operations,Sales,2025-12-03,0
2395,441,Design,Software Engineering,2026-02-03,1
2396,593,Software Engineering,Operations,2025-10-23,0
2397,416,Design,Design,2025-11-19,0
2398,429,Customer Support,Operations,2025-11-13,0
2399,541,Customer Support,Design,2026-02-24,0
2400,560,Marketing,Finance & Accounting,2026-02-25,0
2401,266,Software Engineering,Operations,2026-01-01,1
2402,388,Sales,Data & Analytics,2026-02-02,0
2403,443,Sales,Software Engineering,2025-12-07,0
2404,292,Marketing,Sales,2026-04-13,0
2405,309,Operations,Operations,2025-09-03,0
2406,467,Design,Marketing,2025-11-11,0
2407,221,Data & Analytics,Design,2026-03-11,1
2408,555,Sales,Design,2026-02-12,1
2409,378,Operations,Finance & Accounting,2025-08-25,0
2410,489,Data & Analytics,Data & Analytics,2026-04-09,0
2411,422,Finance & Accounting,Finance & Accounting,2026-01-28,0
2412,163,Data & Analytics,Marketing,2026-04-04,0
2413,528,Finance & Accounting,Design,2026-04-19,1
2414,149,Data & Analytics,Customer Support,2025-11-04,0
2415,242,Sales,Marketing,2025-12-22,0
2416,383,Sales,Finance & Accounting,2026-01-13,0
2417,186,Customer Support,Marketing,2025-09-14,0
2418,566,Sales,Operations,2025-09-25,1
2419,284,Customer Support,Design,2025-09-22,0
2420,25,Design,Finance & Accounting,2025-12-19,0
2421,396,Sales,Marketing,2026-01-08,0
2422,599,Marketing,Operations,2025-12-25,1
2423,394,Customer Support,Operations,2025-10-13,0
2424,339,Design,Customer Support,2026-02-23,0
2425,595,Operations,Software Engineering,2025-10-09,0
2426,165,Data & Analytics,Marketing,2026-01-13,0
2427,30,Customer Support,Marketing,2026-04-24,0
2428,61,Sales,Customer Support,2026-04-14,1
2429,238,Operations,Data & Analytics,2026-01-09,1
2430,524,Finance & Accounting,Customer Support,2026-04-02,1
2431,285,Customer Support,Operations,2026-03-04,1
2432,142,Finance & Accounting,Sales,2026-02-26,1
2433,46,Sales,Data & Analytics,2026-01-08,0
2434,225,Data & Analytics,Marketing,2026-01-05,0
2435,79,Finance & Accounting,Design,2026-01-28,1
2436,440,Data & Analytics,Software Engineering,2025-09-26,0
2437,449,Finance & Accounting,Customer Support,2025-08-31,0
2438,64,Sales,Software Engineering,2026-01-10,0
2439,71,Finance & Accounting,Sales,2026-04-02,0
2440,46,Software Engineering,Operations,2025-11-02,1
2441,315,Data & Analytics,Marketing,2026-04-27,0
2442,102,Sales,Design,2025-12-17,0
2443,544,Data & Analytics,Finance & Accounting,2026-03-24,0
2444,24,Design,Sales,2025-11-01,0
2445,499,Marketing,Data & Analytics,2025-12-12,0
2446,325,Marketing,Customer Support,2025-10-14,1
2447,253,Software Engineering,Operations,2025-11-21,1
2448,185,Finance & Accounting,Finance & Accounting,2026-03-14,1
2449,596,Finance & Accounting,Marketing,2025-10-25,0
2450,45,Sales,Data & Analytics,2026-02-11,0
2451,75,Software Engineering,Sales,2025-12-10,0
2452,484,Operations,Sales,2025-08-15,0
2453,330,Marketing,Customer Support,2025-11-06,0
2454,263,Customer Support,Sales,2026-01-21,0
2455,83,Software Engineering,Design,2026-02-04,1
2456,227,Marketing,Design,2026-01-01,0
2457,159,Customer Support,Operations,2026-04-27,1
2458,251,Software Engineering,Design,2026-02-13,0
2459,228,Finance & Accounting,Software Engineering,2025-09-28,0
2460,520,Customer Support,Marketing,2026-02-24,0
2461,503,Marketing,Finance & Accounting,2025-12-16,0
2462,545,Design,Software Engineering,2025-09-05,0
2463,380,Operations,Finance & Accounting,2026-03-07,0
2464,400,Design,Operations,2025-09-12,0
2465,220,Customer Support,Marketing,2025-12-22,0
2466,569,Sales,Data & Analytics,2025-12-25,1
2467,154,Data & Analytics,Data & Analytics,2026-01-06,0
2468,413,Customer Support,Data & Analytics,2025-10-10,1
2469,555,Operations,Software Engineering,2026-03-31,0
2470,98,Marketing,Design,2026-01-28,0
2471,474,Marketing,Finance & Accounting,2026-02-27,0
2472,107,Data & Analytics,Software Engineering,2025-08-26,0
2473,247,Software Engineering,Marketing,2025-08-28,0
2474,261,Marketing,Customer Support,2025-12-29,0
2475,81,Sales,Marketing,2025-08-23,0
2476,362,Software Engineering,Data & Analytics,2026-02-08,1
2477,541,Sales,Software Engineering,2025-10-01,1
2478,70,Design,Customer Support,2026-01-20,0
2479,329,Software Engineering,Design,2025-12-10,0
2480,288,Design,Sales,2026-03-15,1
2481,353,Software Engineering,Design,2025-10-26,0
2482,427,Customer Support,Finance & Accounting,2026-01-06,1
2483,57,Customer Support,Customer Support,2025-10-06,0
2484,34,Data & Analytics,Customer Support,2025-11-19,0
2485,549,Finance & Accounting,Finance & Accounting,2026-03-11,0
2486,456,Software Engineering,Marketing,2025-10-01,0
2487,178,Finance & Accounting,Finance & Accounting,2025-12-28,1
2488,576,Marketing,Design,2025-11-16,1
2489,109,Operations,Finance & Accounting,2026-04-21,1
2490,7,Software Engineering,Finance & Accounting,2026-01-02,0
2491,235,Operations,Marketing,2026-03-10,1
2492,255,Sales,Operations,2026-02-09,0
2493,321,Software Engineering,Sales,2026-04-28,0
2494,174,Software Engineering,Operations,2026-02-12,0
2495,466,Customer Support,Operations,2025-11-22,0
2496,196,Operations,Finance & Accounting,2026-04-21,0
2497,25,Marketing,Marketing,2025-09-01,0
2498,336,Data & Analytics,Design,2025-09-20,0
2499,508,Marketing,Finance & Accounting,2026-03-06,0
2500,174,Software Engineering,Data & Analytics,2026-04-14,0
2501,310,Design,Finance & Accounting,2025-12-01,0
2502,108,Customer Support,Marketing,2025-11-21,1
2503,268,Customer Support,Data & Analytics,2025-10-11,1
2504,61,Marketing,Design,2025-12-23,1
2505,56,Sales,Customer Support,2025-12-16,0
2506,206,Customer Support,Operations,2025-11-26,0
2507,145,Software Engineering,Marketing,2026-04-06,1
2508,109,Customer Support,Data & Analytics,2026-03-04,0
2509,300,Marketing,Customer Support,2025-11-07,0
2510,311,Marketing,Data & Analytics,2025-12-31,0
2511,540,Design,Data & Analytics,2026-01-18,0
2512,486,Customer Support,Sales,2026-03-25,1
2513,296,Marketing,Finance & Accounting,2025-11-14,0
2514,118,Data & Analytics,Finance & Accounting,2026-01-30,1
2515,287,Operations,Finance & Accounting,2026-04-02,1
2516,141,Software Engineering,Sales,2025-11-07,0
2517,405,Data & Analytics,Design,2026-02-13,0
2518,325,Sales,Finance & Accounting,2026-02-13,0
2519,269,Customer Support,Marketing,2025-12-17,1
2520,397,Operations,Finance & Accounting,2025-12-05,1
2521,565,Software Engineering,Finance & Accounting,2026-01-20,1
2522,180,Operations,Finance & Accounting,2025-12-13,0
2523,88,Operations,Operations,2025-08-14,1
2524,558,Design,Software Engineering,2026-02-17,0
2525,381,Marketing,Marketing,2025-09-27,1
2526,448,Customer Support,Operations,2025-12-08,1
2527,95,Software Engineering,Design,2026-02-13,1
2528,298,Marketing,Design,2026-02-17,1
2529,503,Customer Support,Marketing,2025-08-20,0
2530,593,Data & Analytics,Software Engineering,2025-10-14,1
2531,54,Finance & Accounting,Design,2025-10-18,0
2532,419,Customer Support,Software Engineering,2025-09-22,1
2533,206,Design,Sales,2025-10-06,0
2534,256,Customer Support,Customer Support,2026-03-15,0
2535,118,Design,Sales,2026-02-16,0
2536,450,Finance & Accounting,Marketing,2026-01-14,0
2537,514,Software Engineering,Software Engineering,2025-08-30,0
2538,216,Sales,Operations,2025-11-19,1
2539,9,Customer Support,Software Engineering,2026-01-20,1
2540,593,Software Engineering,Software Engineering,2025-12-22,0
2541,119,Data & Analytics,Customer Support,2026-01-03,1
2542,578,Data & Analytics,Customer Support,2025-09-04,0
2543,598,Sales,Finance & Accounting,2025-11-11,1
2544,162,Sales,Finance & Accounting,2025-09-02,1
2545,192,Operations,Software Engineering,2025-10-21,1
2546,180,Design,Software Engineering,2025-12-15,1
2547,373,Design,Customer Support,2025-09-06,0
2548,332,Data & Analytics,Customer Support,2025-10-14,1
2549,523,Data & Analytics,Software Engineering,2026-03-06,0
2550,150,Design,Design,2025-09-13,0
2551,156,Customer Support,Customer Support,2026-02-02,0
2552,577,Customer Support,Finance & Accounting,2026-01-06,0
2553,148,Operations,Sales,2025-12-13,0
2554,355,Operations,Data & Analytics,2026-03-29,1
2555,206,Customer Support,Operations,2025-09-07,0
2556,589,Marketing,Design,2025-09-09,1
2557,388,Finance & Accounting,Operations,2025-11-24,1
2558,362,Data & Analytics,Finance & Accounting,2026-01-01,0
2559,134,Software Engineering,Customer Support,2025-08-24,0
2560,393,Finance & Accounting,Customer Support,2026-01-07,0
2561,549,Data & Analytics,Software Engineering,2025-12-28,1
2562,372,Design,Finance & Accounting,2025-12-09,0
2563,236,Marketing,Sales,2025-08-19,0
2564,98,Sales,Customer Support,2026-04-05,0
2565,188,Design,Sales,2026-01-21,1
2566,233,Operations,Sales,2025-10-13,0
2567,184,Customer Support,Customer Support,2026-01-07,1
2568,322,Operations,Sales,2025-08-26,0
2569,433,Software Engineering,Customer Support,2026-03-05,0
2570,92,Customer Support,Data & Analytics,2026-03-12,0
2571,80,Design,Data & Analytics,2026-02-23,0
2572,86,Software Engineering,Design,2026-01-02,1
2573,243,Design,Design,2026-04-04,1
2574,434,Marketing,Customer Support,2025-12-04,0
2575,150,Design,Customer Support,2026-04-10,0
2576,492,Operations,Software Engineering,2025-11-17,0
2577,72,Software Engineering,Software Engineering,2026-04-17,0
2578,11,Sales,Design,2025-08-22,0
2579,570,Finance & Accounting,Finance & Accounting,2026-02-25,1
2580,581,Marketing,Operations,2026-04-28,0
2581,544,Data & Analytics,Finance & Accounting,2025-12-14,1
2582,451,Marketing,Operations,2026-04-12,0
2583,94,Data & Analytics,Design,2026-02-20,1
2584,170,Customer Support,Design,2026-03-27,0
2585,195,Software Engineering,Finance & Accounting,2025-09-27,1
2586,78,Design,Operations,2026-03-25,0
2587,147,Marketing,Design,2025-11-10,1
2588,313,Finance & Accounting,Data & Analytics,2025-08-13,0
2589,190,Customer Support,Customer Support,2025-12-30,1
2590,470,Operations,Data & Analytics,2026-04-27,0
2591,483,Operations,Software Engineering,2025-11-24,0
2592,568,Finance & Accounting,Design,2026-01-02,0
2593,88,Software Engineering,Operations,2025-08-30,0
2594,336,Marketing,Design,2025-09-16,0
2595,311,Operations,Sales,2025-12-04,0
2596,215,Sales,Design,2025-12-15,0
2597,41,Design,Sales,2025-11-28,0
2598,33,Sales,Design,2025-11-05,0
2599,239,Software Engineering,Sales,2026-01-08,0
2600,497,Data & Analytics,Customer Support,2025-11-01,0
2601,64,Sales,Software Engineering,2025-10-21,1
2602,96,Data & Analytics,Customer Support,2025-10-30,0
2603,219,Sales,Finance & Accounting,2026-04-20,0
2604,340,Marketing,Design,2025-09-09,1
2605,298,Finance & Accounting,Design,2025-10-30,0
2606,561,Design,Software Engineering,2025-10-15,0
2607,342,Data & Analytics,Finance & Accounting,2025-08-23,0
2608,128,Operations,Operations,2025-09-06,0
2609,265,Finance & Accounting,Customer Support,2026-01-19,0
2610,565,Operations,Sales,2025-09-19,0
2611,448,Finance & Accounting,Software Engineering,2025-08-14,0
2612,2,Finance & Accounting,Operations,2025-11-04,0
2613,515,Design,Sales,2026-03-02,0
2614,262,Marketing,Marketing,2025-09-12,0
2615,577,Marketing,Software Engineering,2026-03-02,0
2616,575,Operations,Customer Support,2026-04-11,0
2617,395,Design,Data & Analytics,2025-10-15,1
2618,383,Customer Support,Operations,2026-01-06,0
2619,153,Software Engineering,Software Engineering,2025-11-20,1
2620,406,Sales,Customer Support,2026-02-27,0
2621,518,Design,Software Engineering,2025-12-28,0
2622,392,Software Engineering,Finance & Accounting,2025-08-15,0
2623,62,Data & Analytics,Operations,2025-12-17,1
2624,199,Operations,Marketing,2026-04-02,0
2625,219,Sales,Operations,2025-12-20,0
2626,589,Sales,Marketing,2026-01-09,0
2627,64,Data & Analytics,Software Engineering,2025-11-19,0
2628,143,Customer Support,Design,2026-02-26,0
2629,433,Design,Finance & Accounting,2025-09-12,0
2630,115,Software Engineering,Marketing,2025-10-07,0
2631,109,Data & Analytics,Customer Support,2025-09-16,1
2632,327,Customer Support,Design,2026-01-04,0
2633,550,Customer Support,Software Engineering,2025-12-05,1
2634,193,Customer Support,Sales,2026-02-28,0
2635,144,Data & Analytics,Design,2026-01-29,0
2636,560,Operations,Marketing,2025-12-05,0
2637,478,Software Engineering,Data & Analytics,2026-01-15,0
2638,116,Customer Support,Operations,2025-11-30,1
2639,176,Finance & Accounting,Sales,2025-09-25,0
2640,452,Data & Analytics,Design,2025-11-26,0
2641,147,Sales,Software Engineering,2026-04-17,0
2642,189,Data & Analytics,Software Engineering,2025-08-19,1
2643,109,Data & Analytics,Data & Analytics,2025-09-08,0
2644,185,Sales,Operations,2025-09-04,0
2645,95,Finance & Accounting,Design,2026-02-18,0
2646,452,Software Engineering,Finance & Accounting,2026-03-16,0
2647,495,Operations,Finance & Accounting,2026-01-23,0
2648,148,Customer Support,Design,2025-09-01,0
2649,565,Customer Support,Finance & Accounting,2026-04-05,0
2650,48,Operations,Finance & Accounting,2026-02-09,0
2651,180,Design,Sales,2026-04-28,1
2652,61,Operations,Data & Analytics,2025-12-31,0
2653,529,Software Engineering,Finance & Accounting,2025-08-13,1
2654,29,Customer Support,Sales,2025-12-08,0
2655,230,Software Engineering,Operations,2025-11-23,0
2656,384,Sales,Data & Analytics,2026-04-12,0
2657,576,Customer Support,Data & Analytics,2025-08-25,0
2658,398,Marketing,Software Engineering,2026-01-16,0
2659,335,Software Engineering,Sales,2026-03-03,0
2660,522,Data & Analytics,Marketing,2025-08-18,1
2661,214,Sales,Sales,2025-12-29,0
2662,433,Marketing,Data & Analytics,2026-03-20,0
2663,176,Customer Support,Marketing,2025-12-07,0
2664,474,Design,Sales,2026-03-03,0
2665,83,Operations,Customer Support,2025-10-26,0
2666,94,Marketing,Sales,2026-03-05,0
2667,195,Marketing,Finance & Accounting,2025-12-31,0
2668,574,Operations,Data & Analytics,2025-11-06,0
2669,96,Design,Marketing,2025-08-16,1
2670,216,Customer Support,Finance & Accounting,2025-11-01,0
2671,398,Software Engineering,Marketing,2026-01-10,0
2672,440,Design,Customer Support,2025-12-12,1
2673,311,Operations,Finance & Accounting,2025-09-09,0
2674,270,Sales,Design,2026-01-24,0
2675,250,Marketing,Software Engineering,2026-02-21,0
2676,18,Marketing,Customer Support,2025-10-01,0
2677,322,Data & Analytics,Finance & Accounting,2026-04-10,0
2678,541,Data & Analytics,Finance & Accounting,2026-04-06,0
2679,262,Design,Data & Analytics,2025-09-02,0
2680,77,Design,Design,2025-10-31,0
2681,102,Design,Marketing,2025-09-27,0
2682,147,Software Engineering,Software Engineering,2025-12-07,0
2683,123,Marketing,Data & Analytics,2025-12-13,0
2684,63,Operations,Software Engineering,2026-01-22,0
2685,543,Operations,Design,2025-10-11,0
2686,358,Finance & Accounting,Software Engineering,2026-03-17,0
2687,508,Marketing,Data & Analytics,2025-09-26,0
2688,244,Customer Support,Sales,2026-01-30,1
2689,565,Software Engineering,Finance & Accounting,2025-08-25,0
2690,72,Design,Finance & Accounting,2026-01-16,1
2691,497,Design,Design,2025-12-16,0
2692,510,Sales,Marketing,2026-01-13,1
2693,305,Customer Support,Data & Analytics,2025-08-18,0
2694,42,Design,Software Engineering,2025-12-06,0
2695,264,Operations,Finance & Accounting,2026-04-13,1
2696,202,Marketing,Operations,2026-02-11,0
2697,481,Operations,Marketing,2025-12-28,0
2698,149,Customer Support,Sales,2026-04-24,0
2699,225,Design,Data & Analytics,2025-10-15,0
2700,328,Finance & Accounting,Software Engineering,2025-11-24,0
2701,357,Design,Data & Analytics,2025-12-23,0
2702,397,Operations,Sales,2025-12-20,0
2703,152,Sales,Marketing,2025-11-12,1
2704,438,Marketing,Data & Analytics,2026-02-25,1
2705,290,Software Engineering,Sales,2025-08-21,0
2706,210,Data & Analytics,Design,2026-02-23,0
2707,410,Data & Analytics,Finance & Accounting,2025-08-18,0
2708,227,Marketing,Marketing,2026-04-04,0
2709,240,Customer Support,Operations,2025-10-13,1
2710,189,Operations,Finance & Accounting,2025-08-20,1
2711,320,Sales,Design,2025-11-19,0
2712,183,Finance & Accounting,Design,2025-12-18,0
2713,569,Software Engineering,Customer Support,2026-04-12,0
2714,32,Data & Analytics,Design,2025-08-16,0
2715,523,Sales,Customer Support,2026-02-09,0
2716,256,Customer Support,Operations,2026-01-02,0
2717,352,Design,Design,2025-10-03,1
2718,365,Finance & Accounting,Software Engineering,2025-09-06,0
2719,547,Sales,Design,2026-03-21,0
2720,514,Operations,Data & Analytics,2025-10-03,0
2721,334,Customer Support,Marketing,2026-04-26,0
2722,172,Sales,Customer Support,2025-12-06,0
2723,112,Data & Analytics,Operations,2026-01-10,0
2724,415,Data & Analytics,Software Engineering,2025-11-24,1
2725,99,Design,Software Engineering,2025-09-26,0
2726,295,Finance & Accounting,Finance & Accounting,2026-01-15,0
2727,300,Data & Analytics,Sales,2025-11-15,0
2728,309,Marketing,Marketing,2026-02-19,0
2729,552,Sales,Software Engineering,2026-01-04,0
2730,522,Design,Customer Support,2026-04-01,1
2731,99,Marketing,Marketing,2026-01-06,0
2732,22,Software Engineering,Finance & Accounting,2026-04-22,0
2733,501,Operations,Customer Support,2025-12-28,0
2734,352,Marketing,Data & Analytics,2026-01-16,0
2735,105,Operations,Software Engineering,2026-02-17,1
2736,64,Software Engineering,Design,2026-04-25,0
2737,321,Marketing,Finance & Accounting,2025-09-12,0
2738,270,Customer Support,Marketing,2025-09-07,0
2739,506,Design,Software Engineering,2025-11-30,1
2740,230,Design,Finance & Accounting,2025-12-25,1
2741,318,Design,Data & Analytics,2026-03-20,0
2742,89,Sales,Data & Analytics,2025-10-17,0
2743,329,Customer Support,Sales,2025-09-22,0
2744,598,Customer Support,Software Engineering,2026-03-14,0
2745,63,Customer Support,Customer Support,2026-04-18,0
2746,464,Software Engineering,Data & Analytics,2025-11-02,0
2747,161,Marketing,Sales,2025-11-19,0
2748,349,Finance & Accounting,Finance & Accounting,2025-10-10,0
2749,417,Customer Support,Data & Analytics,2025-12-01,1
2750,324,Operations,Marketing,2025-08-28,1
2751,598,Data & Analytics,Finance & Accounting,2026-01-25,0
2752,426,Data & Analytics,Customer Support,2025-12-11,0
2753,418,Design,Software Engineering,2026-03-22,0
2754,305,Finance & Accounting,Sales,2026-04-13,0
2755,489,Operations,Data & Analytics,2025-09-13,0
2756,68,Design,Software Engineering,2026-03-11,0
2757,170,Customer Support,Software Engineering,2025-11-13,0
2758,484,Customer Support,Finance & Accounting,2026-03-27,0
2759,164,Data & Analytics,Customer Support,2026-04-27,1
2760,185,Customer Support,Data & Analytics,2025-12-15,0
2761,182,Operations,Data & Analytics,2025-11-11,0
2762,363,Operations,Customer Support,2026-02-06,0
2763,530,Customer Support,Sales,2025-10-25,0
2764,505,Data & Analytics,Finance & Accounting,2026-03-23,1
2765,162,Data & Analytics,Marketing,2026-02-28,1
2766,31,Software Engineering,Finance & Accounting,2026-03-26,0
2767,464,Marketing,Design,2025-11-06,0
2768,570,Design,Design,2025-09-07,0
2769,181,Finance & Accounting,Data & Analytics,2026-04-20,0
2770,187,Customer Support,Sales,2025-10-07,0
2771,131,Customer Support,Sales,2026-02-05,0
2772,425,Operations,Sales,2026-03-21,1
2773,572,Design,Marketing,2025-10-01,0
2774,384,Customer Support,Sales,2026-04-11,0
2775,543,Marketing,Customer Support,2026-01-18,1
2776,520,Software Engineering,Marketing,2026-04-08,0
2777,331,Sales,Data & Analytics,2026-03-04,0
2778,141,Software Engineering,Finance & Accounting,2025-08-29,0
2779,159,Customer Support,Software Engineering,2025-10-25,1
2780,292,Data & Analytics,Finance & Accounting,2026-01-21,1
2781,78,Design,Marketing,2026-01-01,1
2782,256,Finance & Accounting,Data & Analytics,2026-01-26,0
2783,218,Sales,Software Engineering,2026-04-11,0
2784,528,Customer Support,Finance & Accounting,2026-02-11,1
2785,316,Finance & Accounting,Design,2025-12-05,1
2786,442,Sales,Data & Analytics,2025-10-25,0
2787,241,Finance & Accounting,Design,2025-10-11,1
2788,31,Marketing,Finance & Accounting,2026-03-27,1
2789,389,Data & Analytics,Operations,2026-03-23,0
2790,325,Design,Finance & Accounting,2025-11-08,0
2791,66,Software Engineering,Design,2025-12-03,0
2792,147,Software Engineering,Sales,2025-10-16,0
2793,47,Marketing,Customer Support,2025-10-22,0
2794,513,Sales,Sales,2026-03-06,0
2795,355,Marketing,Customer Support,2025-08-25,0
2796,584,Software Engineering,Design,2026-01-25,0
2797,117,Design,Operations,2025-09-07,0
2798,423,Design,Software Engineering,2025-11-27,0
2799,254,Design,Design,2025-10-23,0
2800,362,Design,Customer Support,2026-01-13,0
2801,109,Finance & Accounting,Customer Support,2025-10-04,0
2802,224,Software Engineering,Operations,2026-02-10,1
2803,450,Customer Support,Operations,2025-09-03,0
2804,418,Finance & Accounting,Operations,2025-09-29,0
2805,571,Customer Support,Sales,2026-04-08,0
2806,289,Software Engineering,Data & Analytics,2025-10-08,1
2807,375,Operations,Marketing,2025-11-10,0
2808,266,Sales,Design,2026-04-09,1
2809,369,Software Engineering,Marketing,2025-09-11,0
2810,390,Finance & Accounting,Operations,2025-10-24,0
2811,356,Customer Support,Sales,2026-03-31,0
2812,479,Design,Data & Analytics,2026-04-23,0
2813,112,Software Engineering,Customer Support,2026-01-16,0
2814,417,Design,Software Engineering,2025-12-22,1
2815,397,Operations,Software Engineering,2026-04-04,0
2816,23,Finance & Accounting,Marketing,2026-01-29,0
2817,140,Operations,Data & Analytics,2025-11-04,0
2818,176,Finance & Accounting,Marketing,2026-04-28,1
2819,559,Customer Support,Sales,2026-01-15,1
2820,224,Software Engineering,Finance & Accounting,2026-03-05,1
2821,185,Design,Data & Analytics,2025-08-26,0
2822,110,Marketing,Data & Analytics,2026-04-20,0
2823,591,Sales,Data & Analytics,2025-12-30,1
2824,273,Marketing,Software Engineering,2026-01-29,0
2825,219,Operations,Customer Support,2025-09-25,1
2826,544,Software Engineering,Operations,2025-11-23,1
2827,234,Finance & Accounting,Sales,2025-09-22,1
2828,272,Software Engineering,Operations,2025-12-13,1
2829,219,Data & Analytics,Finance & Accounting,2025-09-19,1
2830,582,Software Engineering,Software Engineering,2026-01-20,1
2831,331,Design,Customer Support,2025-09-18,0
2832,137,Design,Design,2026-04-08,1
2833,341,Customer Support,Marketing,2025-09-02,0
2834,411,Design,Data & Analytics,2025-10-19,1
2835,216,Sales,Finance & Accounting,2025-10-04,0
2836,552,Customer Support,Data & Analytics,2025-11-26,1
2837,465,Software Engineering,Data & Analytics,2025-08-23,0
2838,552,Software Engineering,Data & Analytics,2026-02-03,0
2839,150,Marketing,Finance & Accounting,2025-11-25,1
2840,241,Software Engineering,Design,2025-09-04,1
2841,135,Marketing,Finance & Accounting,2025-10-17,0
2842,474,Customer Support,Finance & Accounting,2026-01-05,0
2843,533,Sales,Sales,2025-11-27,1
2844,452,Design,Finance & Accounting,2025-11-29,0
2845,127,Marketing,Customer Support,2025-10-17,1
2846,455,Finance & Accounting,Data & Analytics,2025-08-15,1
2847,8,Sales,Customer Support,2025-08-22,0
2848,230,Software Engineering,Marketing,2026-02-09,0
2849,494,Sales,Operations,2026-01-14,0
2850,255,Finance & Accounting,Finance & Accounting,2025-12-18,0
2851,20,Operations,Data & Analytics,2026-01-12,0
2852,584,Operations,Marketing,2026-04-26,0
2853,219,Finance & Accounting,Sales,2025-11-21,0
2854,297,Data & Analytics,Data & Analytics,2025-10-15,1
2855,346,Sales,Customer Support,2026-04-14,0
2856,151,Marketing,Operations,2025-11-17,0
2857,414,Software Engineering,Marketing,2026-01-19,0
2858,51,Data & Analytics,Operations,2026-02-05,1
2859,238,Operations,Software Engineering,2026-02-28,1
2860,4,Marketing,Data & Analytics,2025-11-27,1
2861,399,Operations,Customer Support,2026-03-23,1
2862,429,Sales,Data & Analytics,2026-02-05,0
2863,362,Data & Analytics,Customer Support,2026-03-21,1
2864,152,Finance & Accounting,Software Engineering,2025-11-22,1
2865,598,Marketing,Finance & Accounting,2025-11-29,1
2866,482,Design,Marketing,2026-02-04,1
2867,505,Design,Customer Support,2025-11-05,0
2868,301,Marketing,Operations,2025-10-10,0
2869,350,Finance & Accounting,Data & Analytics,2025-11-06,0
2870,549,Finance & Accounting,Software Engineering,2025-12-29,0
2871,334,Customer Support,Sales,2026-04-01,0
2872,81,Design,Operations,2025-09-23,0
2873,147,Sales,Software Engineering,2025-08-28,1
2874,453,Finance & Accounting,Data & Analytics,2025-08-15,0
2875,26,Marketing,Marketing,2026-02-15,0
2876,12,Software Engineering,Data & Analytics,2025-12-20,0
2877,595,Finance & Accounting,Marketing,2026-02-12,1
2878,565,Operations,Marketing,2026-03-26,0
2879,11,Operations,Finance & Accounting,2025-09-20,0
2880,155,Marketing,Data & Analytics,2025-12-31,0
2881,235,Sales,Operations,2025-10-26,0
2882,294,Data & Analytics,Design,2026-02-18,1
2883,577,Operations,Software Engineering,2025-11-26,1
2884,336,Customer Support,Operations,2026-01-29,0
2885,36,Marketing,Sales,2026-01-28,0
2886,575,Sales,Customer Support,2025-08-17,0
2887,295,Sales,Operations,2026-03-06,1
2888,554,Design,Operations,2026-01-09,0
2889,432,Finance & Accounting,Design,2025-10-23,1
2890,147,Operations,Design,2025-09-06,1
2891,424,Operations,Operations,2025-08-28,0
2892,304,Marketing,Sales,2025-08-18,0
2893,17,Customer Support,Data & Analytics,2026-03-14,0
2894,309,Finance & Accounting,Customer Support,2025-09-24,1
2895,63,Finance & Accounting,Finance & Accounting,2025-12-01,1
2896,42,Operations,Marketing,2026-02-19,0
2897,376,Data & Analytics,Software Engineering,2025-09-03,0
2898,509,Finance & Accounting,Customer Support,2026-03-24,0
2899,43,Marketing,Software Engineering,2025-10-22,0
2900,266,Operations,Marketing,2026-01-29,0
2901,418,Customer Support,Design,2025-11-12,0
2902,282,Design,Design,2025-12-26,0
2903,85,Finance & Accounting,Design,2025-09-10,0
2904,48,Operations,Sales,2025-11-08,1
2905,107,Customer Support,Marketing,2025-12-26,0
2906,190,Software Engineering,Data & Analytics,2025-12-11,1
2907,263,Marketing,Sales,2026-04-03,0
2908,153,Software Engineering,Design,2026-04-24,0
2909,135,Finance & Accounting,Design,2025-09-04,0
2910,237,Data & Analytics,Finance & Accounting,2026-02-26,0
2911,19,Marketing,Operations,2026-01-06,0
2912,192,Marketing,Finance & Accounting,2026-04-26,0
2913,493,Operations,Operations,2025-09-18,1
2914,595,Sales,Software Engineering,2025-09-29,0
2915,117,Design,Data & Analytics,2025-10-23,0
2916,355,Finance & Accounting,Customer Support,2025-12-24,0
2917,503,Operations,Sales,2026-03-08,0
2918,27,Operations,Design,2025-10-18,0
2919,450,Customer Support,Finance & Accounting,2025-10-18,0
2920,318,Design,Operations,2025-08-22,0
2921,395,Marketing,Customer Support,2026-03-12,0
2922,285,Customer Support,Marketing,2026-02-06,0
2923,594,Marketing,Sales,2025-12-07,0
2924,391,Design,Sales,2025-11-25,0
2925,122,Data & Analytics,Design,2025-09-08,0
2926,147,Sales,Finance & Accounting,2026-01-29,0
2927,328,Customer Support,Sales,2026-04-27,0
2928,581,Operations,Customer Support,2025-08-23,1
2929,44,Marketing,Finance & Accounting,2025-08-20,1
2930,81,Marketing,Design,2025-10-11,0
2931,16,Marketing,Software Engineering,2026-02-28,0
2932,526,Operations,Customer Support,2026-03-24,1
2933,536,Operations,Sales,2025-12-21,0
2934,381,Design,Design,2025-10-01,0
2935,459,Sales,Finance & Accounting,2025-12-20,0
2936,173,Finance & Accounting,Marketing,2025-11-08,0
2937,416,Operations,Marketing,2025-10-01,1
2938,297,Software Engineering,Software Engineering,2025-09-09,0
2939,206,Customer Support,Sales,2026-04-05,1
2940,483,Customer Support,Software Engineering,2025-10-20,0
2941,201,Operations,Finance & Accounting,2025-10-31,0
2942,486,Marketing,Customer Support,2026-03-20,0
2943,555,Data & Analytics,Data & Analytics,2025-09-15,0
2944,548,Marketing,Finance & Accounting,2026-03-28,0
2945,107,Customer Support,Marketing,2026-02-23,0
2946,46,Marketing,Design,2025-11-12,1
2947,160,Operations,Marketing,2026-03-13,0
2948,93,Finance & Accounting,Sales,2025-11-12,0
2949,34,Finance & Accounting,Operations,2026-01-13,0
2950,182,Finance & Accounting,Finance & Accounting,2026-02-26,0
2951,4,Software Engineering,Operations,2026-02-19,0
2952,145,Customer Support,Marketing,2026-02-26,0
2953,475,Sales,Operations,2026-04-19,1
2954,295,Finance & Accounting,Sales,2025-10-01,1
2955,486,Sales,Software Engineering,2026-01-29,0
2956,137,Marketing,Marketing,2025-11-10,0
2957,22,Data & Analytics,Finance & Accounting,2025-09-23,0
2958,146,Operations,Customer Support,2026-03-27,0
2959,216,Data & Analytics,Software Engineering,2026-02-22,0
2960,138,Sales,Finance & Accounting,2025-09-09,1
2961,89,Customer Support,Customer Support,2026-03-29,0
2962,92,Design,Design,2025-12-08,1
2963,155,Marketing,Operations,2025-10-27,0
2964,183,Operations,Marketing,2025-12-25,0
2965,76,Design,Software Engineering,2025-11-02,0
2966,191,Operations,Design,2026-04-06,1
2967,517,Software Engineering,Data & Analytics,2025-09-20,0
2968,106,Design,Design,2025-10-22,1
2969,17,Finance & Accounting,Operations,2025-09-25,0
2970,384,Data & Analytics,Data & Analytics,2025-12-17,0
2971,230,Finance & Accounting,Sales,2025-12-02,0
2972,190,Customer Support,Data & Analytics,2025-10-10,1
2973,124,Marketing,Design,2026-02-17,1
2974,239,Data & Analytics,Design,2025-08-26,0
2975,243,Customer Support,Operations,2026-03-21,0
2976,598,Design,Sales,2026-02-19,0
2977,394,Operations,Marketing,2025-10-25,0
2978,487,Software Engineering,Customer Support,2026-02-22,0
2979,191,Sales,Sales,2025-08-15,0
2980,360,Marketing,Software Engineering,2026-02-20,1
2981,447,Finance & Accounting,Design,2026-03-29,0
2982,330,Sales,Design,2025-12-17,0
2983,383,Sales,Data & Analytics,2026-04-05,0
2984,323,Finance & Accounting,Design,2025-10-14,0
2985,347,Software Engineering,Finance & Accounting,2025-08-20,0
2986,265,Data & Analytics,Marketing,2025-10-09,0
2987,500,Operations,Customer Support,2026-03-30,0
2988,258,Finance & Accounting,Data & Analytics,2026-03-25,1
2989,193,Design,Sales,2025-12-05,0
2990,538,Customer Support,Marketing,2025-10-02,0
2991,54,Sales,Software Engineering,2025-09-02,0
2992,111,Customer Support,Software Engineering,2025-11-24,0
2993,307,Sales,Sales,2026-02-06,1
2994,387,Sales,Sales,2025-08-25,0
2995,48,Sales,Customer Support,2025-10-19,1
2996,549,Marketing,Sales,2025-11-25,0
2997,137,Customer Support,Marketing,2025-09-20,0
2998,150,Data & Analytics,Finance & Accounting,2026-04-16,0
2999,210,Customer Support,Software Engineering,2026-02-08,0
3000,12,Sales,Customer Support,2025-10-16,1
3001,414,Customer Support,Software Engineering,2025-09-19,1
3002,12,Sales,Operations,2026-01-17,0
3003,104,Software Engineering,Sales,2026-01-07,0
3004,213,Software Engineering,Marketing,2025-11-19,0
3005,37,Operations,Marketing,2025-10-24,0
3006,536,Operations,Software Engineering,2026-03-18,0
3007,308,Marketing,Marketing,2025-12-25,0
3008,134,Operations,Finance & Accounting,2025-10-24,1
3009,543,Data & Analytics,Sales,2025-12-16,0
3010,375,Data & Analytics,Data & Analytics,2025-09-23,0
3011,385,Sales,Operations,2026-04-03,0
3012,136,Customer Support,Software Engineering,2026-02-07,1
3013,53,Customer Support,Data & Analytics,2026-04-12,0
3014,517,Customer Support,Sales,2025-09-29,0
3015,276,Marketing,Data & Analytics,2026-01-19,0
3016,77,Software Engineering,Data & Analytics,2026-01-20,0
3017,48,Customer Support,Software Engineering,2025-09-16,0
3018,202,Sales,Finance & Accounting,2026-04-13,0
3019,61,Sales,Design,2025-10-05,0
3020,549,Software Engineering,Sales,2026-01-12,0
3021,220,Software Engineering,Marketing,2026-01-03,0
3022,277,Operations,Operations,2025-10-10,0
3023,351,Design,Design,2026-02-18,1
3024,63,Customer Support,Finance & Accounting,2026-01-06,0
3025,522,Data & Analytics,Finance & Accounting,2025-09-03,0
3026,425,Marketing,Finance & Accounting,2025-10-23,0
3027,587,Marketing,Data & Analytics,2026-01-25,0
3028,118,Software Engineering,Sales,2025-11-16,0
3029,340,Finance & Accounting,Design,2025-09-23,0
3030,104,Marketing,Operations,2026-03-04,0
3031,456,Operations,Marketing,2026-04-20,0
3032,138,Software Engineering,Sales,2025-09-06,0
3033,250,Customer Support,Design,2025-08-30,1
3034,454,Software Engineering,Sales,2025-12-26,0
3035,276,Marketing,Customer Support,2025-12-10,0
3036,168,Software Engineering,Software Engineering,2025-12-13,0
3037,524,Customer Support,Finance & Accounting,2025-09-19,0
3038,6,Data & Analytics,Operations,2025-10-18,0
3039,377,Software Engineering,Marketing,2026-04-21,1
3040,251,Data & Analytics,Software Engineering,2025-09-17,1
3041,581,Finance & Accounting,Design,2026-01-24,0
3042,339,Sales,Data & Analytics,2025-09-18,0
3043,299,Customer Support,Customer Support,2025-12-02,0
3044,189,Finance & Accounting,Customer Support,2026-04-19,0
3045,222,Operations,Finance & Accounting,2025-10-07,1
3046,415,Software Engineering,Sales,2025-10-09,0
3047,104,Finance & Accounting,Data & Analytics,2025-09-18,0
3048,558,Marketing,Customer Support,2026-04-01,0
3049,22,Sales,Software Engineering,2026-02-27,0
3050,177,Operations,Software Engineering,2025-09-22,0
3051,131,Sales,Operations,2025-09-17,0
3052,401,Marketing,Data & Analytics,2025-08-21,1
3053,65,Sales,Operations,2025-09-26,0
3054,370,Design,Finance & Accounting,2025-08-20,1
3055,52,Software Engineering,Marketing,2026-02-08,0
3056,239,Software Engineering,Customer Support,2026-01-24,0
3057,212,Marketing,Software Engineering,2026-03-23,0
3058,202,Marketing,Customer Support,2026-01-01,0
3059,466,Operations,Data & Analytics,2025-10-31,0
3060,304,Software Engineering,Design,2026-03-28,0
3061,278,Marketing,Customer Support,2026-01-18,1
3062,404,Operations,Marketing,2025-11-14,0
3063,215,Design,Finance & Accounting,2026-02-18,1
3064,276,Design,Software Engineering,2025-09-05,0
3065,80,Design,Software Engineering,2026-02-11,1
3066,25,Design,Software Engineering,2025-09-28,0
3067,272,Data & Analytics,Software Engineering,2025-12-27,0
3068,244,Marketing,Data & Analytics,2025-12-11,0
3069,368,Software Engineering,Sales,2025-09-09,0
3070,100,Sales,Operations,2025-10-07,0
3071,22,Marketing,Marketing,2026-01-03,0
3072,185,Data & Analytics,Design,2026-01-14,0
3073,279,Data & Analytics,Data & Analytics,2025-10-07,0
3074,69,Sales,Operations,2025-09-11,1
3075,381,Operations,Sales,2025-09-10,1
3076,314,Marketing,Operations,2026-01-24,1
3077,395,Finance & Accounting,Data & Analytics,2026-04-09,0
3078,577,Finance & Accounting,Marketing,2025-12-17,1
3079,592,Software Engineering,Customer Support,2025-11-27,1
3080,391,Software Engineering,Customer Support,2026-03-02,0
3081,117,Customer Support,Customer Support,2025-09-16,0
3082,343,Software Engineering,Software Engineering,2025-09-27,0
3083,251,Data & Analytics,Data & Analytics,2026-04-15,1
3084,212,Data & Analytics,Finance & Accounting,2025-12-16,0
3085,79,Sales,Design,2025-09-17,1
3086,411,Data & Analytics,Finance & Accounting,2025-11-21,1
3087,11,Finance & Accounting,Design,2026-04-25,1
3088,28,Software Engineering,Software Engineering,2026-03-06,0
3089,249,Finance & Accounting,Software Engineering,2025-09-09,0
3090,104,Data & Analytics,Marketing,2025-11-27,1
3091,354,Data & Analytics,Marketing,2025-09-12,1
3092,381,Data & Analytics,Software Engineering,2026-01-18,1
3093,109,Marketing,Finance & Accounting,2026-04-07,0
3094,532,Software Engineering,Customer Support,2025-12-03,0
3095,316,Software Engineering,Sales,2025-09-12,0
3096,501,Marketing,Sales,2025-08-29,0
3097,244,Data & Analytics,Data & Analytics,2026-03-19,0
3098,167,Customer Support,Customer Support,2026-01-01,1
3099,377,Marketing,Customer Support,2025-10-14,0
3100,85,Marketing,Software Engineering,2026-04-01,1
3101,586,Operations,Data & Analytics,2026-04-19,0
3102,2,Customer Support,Marketing,2026-01-15,0
3103,455,Customer Support,Software Engineering,2025-09-06,0
3104,362,Customer Support,Customer Support,2026-03-20,0
3105,130,Marketing,Design,2026-03-12,0
3106,250,Design,Sales,2025-08-25,1
3107,82,Marketing,Data & Analytics,2026-04-25,0
3108,199,Design,Software Engineering,2026-02-07,0
3109,50,Finance & Accounting,Finance & Accounting,2025-09-27,0
3110,597,Operations,Design,2026-01-08,0
3111,484,Customer Support,Software Engineering,2026-01-07,0
3112,320,Sales,Customer Support,2025-09-10,0
3113,508,Data & Analytics,Marketing,2026-02-16,0
3114,344,Software Engineering,Operations,2025-09-22,0
3115,109,Design,Sales,2025-09-01,0
3116,177,Design,Data & Analytics,2026-02-13,0
3117,348,Finance & Accounting,Finance & Accounting,2026-02-01,0
3118,540,Customer Support,Design,2025-11-25,0
3119,104,Data & Analytics,Sales,2026-03-06,0
3120,579,Design,Marketing,2026-01-09,1
3121,510,Operations,Data & Analytics,2025-10-22,0
3122,34,Sales,Marketing,2026-04-24,0
3123,270,Finance & Accounting,Design,2025-10-10,0
3124,535,Marketing,Data & Analytics,2025-12-10,1
3125,476,Sales,Software Engineering,2026-04-16,1
3126,392,Design,Customer Support,2025-08-27,0
3127,580,Operations,Operations,2026-02-10,0
3128,301,Customer Support,Sales,2026-04-18,0
3129,206,Design,Sales,2025-12-21,1
3130,428,Sales,Marketing,2025-10-03,1
3131,348,Data & Analytics,Customer Support,2026-02-22,0
3132,169,Data & Analytics,Customer Support,2026-04-13,0
3133,571,Operations,Software Engineering,2025-12-21,0
3134,231,Operations,Sales,2025-09-22,0
3135,535,Software Engineering,Marketing,2026-04-15,1
3136,262,Marketing,Software Engineering,2025-11-06,1
3137,589,Operations,Marketing,2026-04-22,0
3138,451,Customer Support,Marketing,2025-11-27,0
3139,323,Customer Support,Data & Analytics,2025-11-26,0
3140,540,Data & Analytics,Operations,2026-02-08,0
3141,336,Software Engineering,Software Engineering,2025-10-03,1
3142,135,Data & Analytics,Design,2026-04-17,0
3143,204,Operations,Finance & Accounting,2025-10-01,1
3144,509,Customer Support,Customer Support,2026-02-08,1
3145,109,Data & Analytics,Sales,2025-10-31,0
3146,448,Customer Support,Data & Analytics,2026-01-15,0
3147,120,Sales,Marketing,2026-02-17,0
3148,60,Finance & Accounting,Marketing,2025-11-13,0
3149,599,Customer Support,Operations,2025-08-15,0
3150,421,Data & Analytics,Sales,2026-04-06,0
3151,248,Marketing,Finance & Accounting,2025-10-07,1
3152,502,Data & Analytics,Software Engineering,2026-04-22,1
3153,511,Customer Support,Marketing,2026-02-14,0
3154,592,Marketing,Software Engineering,2026-04-16,0
3155,403,Marketing,Customer Support,2026-04-11,0
3156,551,Software Engineering,Sales,2025-08-27,0
3157,296,Software Engineering,Sales,2026-04-26,0
3158,108,Data & Analytics,Design,2025-11-20,1
3159,408,Software Engineering,Data & Analytics,2025-08-30,0
3160,534,Customer Support,Software Engineering,2026-01-25,0
3161,219,Data & Analytics,Operations,2026-01-26,0
3162,54,Software Engineering,Software Engineering,2026-01-27,0
3163,288,Software Engineering,Marketing,2026-04-13,0
3164,35,Customer Support,Operations,2026-01-25,0
3165,436,Finance & Accounting,Operations,2025-10-02,1
3166,374,Marketing,Finance & Accounting,2025-10-08,1
3167,136,Customer Support,Software Engineering,2026-01-27,1
3168,393,Data & Analytics,Design,2026-01-28,1
3169,176,Operations,Sales,2026-03-29,0
3170,262,Software Engineering,Customer Support,2025-11-18,1
3171,347,Sales,Marketing,2025-09-24,0
3172,413,Operations,Data & Analytics,2026-02-12,0
3173,322,Data & Analytics,Customer Support,2025-09-04,1
3174,590,Design,Software Engineering,2026-01-30,0
3175,588,Marketing,Design,2025-09-22,0
3176,184,Marketing,Design,2026-01-13,1
3177,239,Operations,Sales,2025-09-28,0
3178,239,Marketing,Finance & Accounting,2025-11-07,1
3179,20,Software Engineering,Software Engineering,2026-03-30,0
3180,401,Customer Support,Customer Support,2025-12-03,1
3181,354,Software Engineering,Sales,2025-09-17,0
3182,282,Design,Marketing,2025-12-01,1
3183,535,Marketing,Customer Support,2025-09-21,0
3184,26,Operations,Customer Support,2026-02-09,0
3185,263,Sales,Marketing,2025-11-20,1
3186,92,Finance & Accounting,Marketing,2025-12-15,0
3187,207,Customer Support,Sales,2025-11-18,0
3188,247,Customer Support,Software Engineering,2025-12-08,0
3189,250,Sales,Finance & Accounting,2025-10-26,0
3190,243,Operations,Operations,2026-01-04,0
3191,229,Finance & Accounting,Sales,2025-10-16,0
3192,107,Operations,Sales,2025-08-13,1
3193,162,Finance & Accounting,Sales,2026-01-23,0
3194,35,Marketing,Software Engineering,2026-02-06,0
3195,586,Design,Finance & Accounting,2025-12-14,1
3196,518,Sales,Marketing,2025-09-14,1
3197,316,Design,Marketing,2025-11-29,0
3198,547,Sales,Data & Analytics,2025-08-15,0
3199,260,Software Engineering,Marketing,2026-04-07,0
3200,428,Design,Marketing,2026-04-19,1
3201,504,Design,Marketing,2026-01-30,1
3202,576,Data & Analytics,Customer Support,2026-02-12,0
3203,332,Operations,Marketing,2025-09-16,0
3204,129,Customer Support,Sales,2026-01-08,0
3205,107,Design,Marketing,2025-11-24,1
3206,282,Customer Support,Design,2025-09-20,0
3207,156,Data & Analytics,Finance & Accounting,2025-12-28,0
3208,237,Finance & Accounting,Operations,2026-02-20,0
3209,216,Operations,Operations,2025-12-09,1
3210,530,Finance & Accounting,Operations,2025-09-20,1
3211,294,Design,Finance & Accounting,2026-03-28,0
3212,456,Finance & Accounting,Operations,2026-01-17,0
3213,294,Operations,Customer Support,2025-09-05,0
3214,452,Operations,Sales,2025-11-07,0
3215,504,Data & Analytics,Sales,2025-09-22,0
3216,393,Data & Analytics,Marketing,2026-02-25,1
3217,579,Software Engineering,Sales,2026-03-26,0
3218,463,Sales,Design,2026-02-23,0
3219,447,Operations,Design,2026-01-24,0
3220,183,Design,Marketing,2026-01-04,1
3221,482,Software Engineering,Marketing,2025-08-24,0
3222,99,Sales,Software Engineering,2025-09-15,1
3223,339,Software Engineering,Software Engineering,2026-01-10,1
3224,335,Software Engineering,Data & Analytics,2025-12-23,0
3225,131,Data & Analytics,Software Engineering,2026-04-22,0
3226,584,Marketing,Data & Analytics,2026-03-03,1
3227,478,Customer Support,Design,2026-02-13,0
3228,17,Design,Marketing,2026-04-07,1
3229,481,Design,Operations,2025-09-22,0
3230,28,Finance & Accounting,Marketing,2026-04-21,1
3231,369,Software Engineering,Sales,2025-11-07,0
3232,176,Operations,Software Engineering,2025-10-18,0
3233,120,Marketing,Marketing,2025-12-25,1
3234,277,Data & Analytics,Data & Analytics,2026-04-25,0
3235,514,Marketing,Operations,2025-08-29,0
3236,438,Sales,Finance & Accounting,2025-09-06,1
3237,31,Operations,Operations,2025-09-26,0
3238,399,Finance & Accounting,Sales,2026-02-10,0
3239,343,Data & Analytics,Marketing,2025-11-16,0
3240,111,Customer Support,Data & Analytics,2025-11-12,1
3241,144,Operations,Data & Analytics,2026-02-18,0
3242,474,Marketing,Design,2025-09-19,0
3243,145,Operations,Marketing,2025-09-29,0
3244,546,Marketing,Design,2025-11-20,0
3245,492,Sales,Data & Analytics,2025-12-08,0
3246,299,Sales,Software Engineering,2025-09-13,0
3247,41,Finance & Accounting,Software Engineering,2025-12-29,0
3248,129,Marketing,Sales,2025-12-08,1
3249,499,Customer Support,Design,2025-12-30,0
3250,383,Sales,Design,2026-02-24,0
3251,225,Customer Support,Design,2026-04-07,1
3252,118,Marketing,Finance & Accounting,2026-04-19,0
3253,109,Marketing,Finance & Accounting,2026-02-10,1
3254,379,Customer Support,Design,2026-01-02,0
3255,198,Operations,Data & Analytics,2026-03-23,1
3256,210,Finance & Accounting,Data & Analytics,2025-08-14,0
3257,223,Data & Analytics,Finance & Accounting,2026-04-20,1
3258,439,Customer Support,Customer Support,2025-11-23,0
3259,266,Data & Analytics,Sales,2026-04-09,0
3260,418,Design,Marketing,2025-08-27,1
3261,560,Design,Marketing,2026-03-21,0
3262,100,Data & Analytics,Customer Support,2026-03-13,0
3263,98,Operations,Customer Support,2026-01-09,1
3264,220,Design,Sales,2025-09-06,0
3265,301,Finance & Accounting,Marketing,2025-09-25,0
3266,338,Finance & Accounting,Sales,2026-01-13,0
3267,403,Data & Analytics,Customer Support,2025-09-30,0
3268,17,Data & Analytics,Design,2025-12-18,1
3269,286,Data & Analytics,Marketing,2026-01-01,0
3270,175,Customer Support,Finance & Accounting,2025-12-27,0
3271,382,Design,Data & Analytics,2025-12-20,0
3272,22,Finance & Accounting,Operations,2025-11-22,0
3273,251,Software Engineering,Software Engineering,2025-12-19,1
3274,583,Marketing,Customer Support,2026-02-07,0
3275,120,Design,Operations,2025-09-09,0
3276,43,Marketing,Sales,2025-09-04,1
3277,554,Software Engineering,Software Engineering,2026-02-02,1
3278,132,Finance & Accounting,Data & Analytics,2025-12-26,0
3279,527,Design,Finance & Accounting,2026-03-07,0
3280,313,Operations,Finance & Accounting,2026-04-15,0
3281,452,Software Engineering,Software Engineering,2026-01-11,0
3282,455,Sales,Operations,2025-11-18,0
3283,428,Marketing,Customer Support,2026-02-04,0
3284,496,Data & Analytics,Operations,2026-03-21,0
3285,96,Sales,Design,2025-12-18,0
3286,427,Software Engineering,Data & Analytics,2026-03-11,1
3287,566,Finance & Accounting,Marketing,2026-01-12,1
3288,7,Software Engineering,Operations,2026-02-02,1
3289,527,Operations,Sales,2025-09-16,1
3290,522,Operations,Sales,2025-12-18,1
3291,5,Customer Support,Finance & Accounting,2025-09-11,0
3292,493,Data & Analytics,Finance & Accounting,2025-10-17,1
3293,437,Marketing,Data & Analytics,2025-11-01,0
3294,160,Customer Support,Finance & Accounting,2025-09-23,0
3295,445,Customer Support,Customer Support,2025-12-13,0
3296,354,Customer Support,Marketing,2026-02-07,1
3297,207,Design,Customer Support,2025-10-20,0
3298,258,Finance & Accounting,Finance & Accounting,2025-12-30,0
3299,292,Marketing,Design,2026-02-26,0
3300,124,Sales,Design,2026-01-31,0
3301,175,Operations,Marketing,2026-02-06,0
3302,551,Sales,Customer Support,2025-11-15,0
3303,202,Marketing,Finance & Accounting,2025-12-03,0
3304,375,Finance & Accounting,Software Engineering,2026-04-02,0
3305,429,Operations,Software Engineering,2025-10-14,0
3306,74,Marketing,Finance & Accounting,2026-03-04,0
3307,408,Customer Support,Software Engineering,2025-10-29,0
3308,398,Sales,Customer Support,2025-12-11,0
3309,137,Design,Finance & Accounting,2025-09-18,0
3310,185,Customer Support,Customer Support,2025-11-21,1
3311,496,Software Engineering,Customer Support,2025-08-26,1
3312,338,Sales,Data & Analytics,2026-01-07,0
3313,157,Customer Support,Sales,2025-08-28,0
3314,148,Software Engineering,Design,2026-04-19,0
3315,489,Sales,Customer Support,2025-08-19,1
3316,263,Software Engineering,Customer Support,2026-01-07,1
3317,170,Finance & Accounting,Operations,2026-02-26,0
3318,366,Customer Support,Customer Support,2025-11-15,0
3319,27,Sales,Data & Analytics,2025-09-08,1
3320,85,Sales,Design,2026-01-13,0
3321,396,Sales,Design,2026-01-01,0
3322,304,Sales,Operations,2025-10-31,0
3323,88,Marketing,Marketing,2025-10-22,1
3324,358,Software Engineering,Design,2025-11-16,0
3325,421,Customer Support,Software Engineering,2025-08-20,0
3326,318,Sales,Finance & Accounting,2025-12-01,0
3327,59,Finance & Accounting,Operations,2026-03-21,0
3328,217,Sales,Data & Analytics,2026-01-19,1
3329,590,Operations,Customer Support,2026-04-19,0
3330,423,Sales,Operations,2026-02-10,0
3331,242,Finance & Accounting,Software Engineering,2026-02-23,0
3332,344,Design,Operations,2025-12-16,0
3333,96,Software Engineering,Customer Support,2026-03-08,1
3334,75,Software Engineering,Sales,2025-11-17,0
3335,272,Finance & Accounting,Customer Support,2026-03-24,1
3336,540,Sales,Design,2026-01-14,1
3337,536,Operations,Software Engineering,2025-09-05,0
3338,417,Software Engineering,Design,2025-12-13,1
3339,440,Customer Support,Sales,2025-12-23,0
3340,370,Finance & Accounting,Data & Analytics,2026-02-25,0
3341,194,Data & Analytics,Customer Support,2025-12-09,1
3342,411,Software Engineering,Finance & Accounting,2026-01-13,0
3343,426,Sales,Finance & Accounting,2026-03-22,0
3344,314,Sales,Data & Analytics,2026-01-06,0
3345,600,Software Engineering,Customer Support,2025-09-04,1
3346,483,Customer Support,Marketing,2025-09-10,0
3347,31,Software Engineering,Software Engineering,2025-11-01,1
3348,389,Software Engineering,Marketing,2025-09-11,0
3349,232,Finance & Accounting,Software Engineering,2026-03-24,0
3350,457,Software Engineering,Software Engineering,2025-12-10,1
3351,181,Sales,Design,2026-04-26,1
3352,553,Customer Support,Operations,2025-11-21,0
3353,77,Software Engineering,Software Engineering,2025-10-03,0
3354,396,Customer Support,Customer Support,2026-04-20,0
3355,135,Data & Analytics,Sales,2025-09-22,0
3356,289,Finance & Accounting,Data & Analytics,2025-10-10,1
3357,89,Sales,Operations,2025-10-25,0
3358,284,Sales,Operations,2025-09-29,0
3359,203,Sales,Finance & Accounting,2026-02-13,0
3360,580,Data & Analytics,Data & Analytics,2026-03-04,0
3361,389,Software Engineering,Sales,2026-01-07,0
3362,423,Sales,Sales,2026-03-16,1
3363,332,Software Engineering,Data & Analytics,2025-09-18,1
3364,411,Software Engineering,Customer Support,2026-01-05,1
3365,128,Finance & Accounting,Operations,2025-10-24,0
3366,123,Data & Analytics,Sales,2026-02-23,0
3367,428,Customer Support,Software Engineering,2025-10-13,1
3368,450,Marketing,Customer Support,2025-09-26,1
3369,8,Customer Support,Data & Analytics,2025-12-21,0
3370,103,Data & Analytics,Customer Support,2026-03-02,0
3371,204,Customer Support,Data & Analytics,2025-09-26,0
3372,535,Finance & Accounting,Operations,2025-12-30,0
3373,500,Marketing,Sales,2026-02-17,1
3374,285,Operations,Customer Support,2025-10-18,0
3375,281,Sales,Software Engineering,2025-08-17,0
3376,412,Software Engineering,Data & Analytics,2025-11-08,0
3377,203,Design,Finance & Accounting,2025-09-08,0
3378,346,Data & Analytics,Sales,2025-09-08,0
3379,567,Customer Support,Marketing,2025-10-26,0
3380,531,Operations,Customer Support,2026-02-14,0
3381,310,Design,Operations,2025-11-11,0
3382,477,Operations,Data & Analytics,2026-03-10,0
3383,401,Design,Data & Analytics,2025-10-20,0
3384,113,Software Engineering,Customer Support,2025-08-23,0
3385,494,Software Engineering,Customer Support,2026-01-25,0
3386,54,Design,Marketing,2025-12-31,0
3387,129,Design,Sales,2025-10-09,1
3388,555,Customer Support,Finance & Accounting,2025-08-13,1
3389,554,Customer Support,Data & Analytics,2025-09-01,0
3390,127,Customer Support,Finance & Accounting,2026-01-11,0
3391,324,Operations,Finance & Accounting,2025-09-25,0
3392,122,Finance & Accounting,Operations,2025-12-01,0
3393,303,Customer Support,Data & Analytics,2025-11-13,0
3394,284,Customer Support,Sales,2025-11-08,1
3395,119,Software Engineering,Finance & Accounting,2025-11-01,0
3396,3,Marketing,Finance & Accounting,2025-09-06,0
3397,134,Design,Customer Support,2025-10-05,0
3398,447,Design,Customer Support,2026-04-15,0
3399,422,Marketing,Customer Support,2025-10-28,0
3400,398,Design,Software Engineering,2025-12-22,1
3401,571,Sales,Customer Support,2025-09-01,0
3402,508,Software Engineering,Design,2025-10-10,0
3403,297,Design,Sales,2025-11-07,0
3404,401,Data & Analytics,Finance & Accounting,2025-12-20,1
3405,208,Finance & Accounting,Design,2026-04-06,0
3406,161,Operations,Operations,2025-10-28,0
3407,385,Sales,Customer Support,2026-02-06,0
3408,169,Customer Support,Marketing,2026-01-09,0
3409,506,Software Engineering,Software Engineering,2025-09-28,1
3410,422,Software Engineering,Sales,2026-01-24,0
3411,258,Operations,Customer Support,2026-02-02,0
3412,79,Design,Software Engineering,2026-02-20,0
3413,103,Operations,Design,2026-03-26,1
3414,569,Sales,Sales,2025-09-24,0
3415,432,Finance & Accounting,Data & Analytics,2026-01-17,0
3416,207,Sales,Marketing,2025-12-08,0
3417,517,Data & Analytics,Customer Support,2025-11-25,0
3418,584,Design,Finance & Accounting,2026-04-20,0
3419,263,Data & Analytics,Customer Support,2025-08-19,0
3420,129,Data & Analytics,Design,2025-09-28,0
3421,125,Operations,Software Engineering,2025-12-22,0
3422,68,Design,Sales,2026-01-22,0
3423,459,Data & Analytics,Sales,2026-01-27,0
3424,126,Sales,Software Engineering,2025-12-05,0
3425,492,Software Engineering,Software Engineering,2026-02-15,1
3426,126,Marketing,Software Engineering,2025-10-05,0
3427,549,Finance & Accounting,Sales,2025-11-11,1
3428,542,Data & Analytics,Design,2026-03-18,0
3429,196,Customer Support,Sales,2025-12-04,0
3430,522,Data & Analytics,Design,2026-03-18,0
3431,589,Customer Support,Data & Analytics,2025-09-01,0
3432,454,Customer Support,Design,2025-12-10,0
3433,505,Customer Support,Operations,2026-01-22,0
3434,331,Customer Support,Marketing,2026-04-15,0
3435,499,Design,Software Engineering,2026-03-13,1
3436,340,Finance & Accounting,Marketing,2026-01-14,0
3437,216,Design,Design,2025-09-07,1
3438,310,Operations,Software Engineering,2025-11-30,1
3439,572,Customer Support,Sales,2026-04-01,0
3440,55,Customer Support,Operations,2025-12-11,0
3441,365,Marketing,Data & Analytics,2025-09-26,0
3442,515,Operations,Design,2025-11-29,0
3443,7,Sales,Design,2025-12-13,0
3444,296,Marketing,Finance & Accounting,2025-09-10,0
3445,454,Finance & Accounting,Design,2026-02-23,1
3446,240,Marketing,Software Engineering,2026-02-16,1
3447,260,Operations,Marketing,2025-10-12,0
3448,321,Customer Support,Operations,2026-01-29,0
3449,177,Software Engineering,Marketing,2026-04-25,0
3450,319,Customer Support,Marketing,2026-02-20,0
3451,543,Customer Support,Design,2026-04-23,0
3452,73,Design,Software Engineering,2025-08-20,0
3453,252,Software Engineering,Finance & Accounting,2026-03-07,1
3454,49,Finance & Accounting,Marketing,2025-08-17,0
3455,553,Sales,Sales,2026-03-22,0
3456,162,Sales,Customer Support,2026-04-01,0
3457,481,Customer Support,Customer Support,2025-10-17,0
3458,591,Design,Finance & Accounting,2026-03-02,0
3459,196,Design,Software Engineering,2026-04-27,0
3460,444,Software Engineering,Marketing,2025-10-19,0
3461,521,Operations,Sales,2025-10-09,1
3462,296,Customer Support,Sales,2026-04-21,0
3463,122,Operations,Data & Analytics,2025-11-27,1
3464,531,Software Engineering,Sales,2025-12-24,1
3465,475,Operations,Design,2025-10-01,0
3466,136,Operations,Data & Analytics,2025-12-15,0
3467,382,Customer Support,Sales,2025-12-26,0
3468,247,Data & Analytics,Data & Analytics,2026-03-25,0
3469,217,Operations,Customer Support,2026-04-28,1
3470,366,Finance & Accounting,Design,2025-09-01,0
3471,535,Finance & Accounting,Marketing,2026-02-07,0
3472,557,Finance & Accounting,Marketing,2026-01-18,0
3473,229,Design,Design,2026-02-12,0
3474,52,Data & Analytics,Data & Analytics,2026-02-04,0
3475,51,Operations,Marketing,2026-01-02,0
3476,134,Sales,Design,2026-04-16,0
3477,25,Operations,Data & Analytics,2025-10-18,0
3478,395,Software Engineering,Finance & Accounting,2026-02-23,0
3479,43,Finance & Accounting,Customer Support,2025-08-14,1
3480,315,Finance & Accounting,Marketing,2026-02-02,0
3481,402,Customer Support,Customer Support,2026-01-21,0
3482,61,Data & Analytics,Design,2025-12-19,1
3483,157,Design,Sales,2025-10-16,0
3484,118,Finance & Accounting,Operations,2025-11-23,1
3485,512,Marketing,Data & Analytics,2025-09-06,1
3486,467,Finance & Accounting,Sales,2025-09-21,0
3487,3,Marketing,Customer Support,2026-03-08,0
3488,243,Software Engineering,Design,2025-08-29,0
3489,281,Customer Support,Data & Analytics,2026-02-24,1
3490,7,Software Engineering,Design,2026-01-22,1
3491,59,Data & Analytics,Sales,2025-12-23,0
3492,333,Customer Support,Marketing,2025-12-15,1
3493,328,Sales,Finance & Accounting,2026-02-25,0
3494,8,Data & Analytics,Design,2026-03-15,0
3495,464,Finance & Accounting,Marketing,2026-01-24,0
3496,67,Marketing,Marketing,2026-03-15,0
3497,48,Marketing,Marketing,2026-02-04,0
3498,470,Customer Support,Design,2026-03-05,0
3499,593,Data & Analytics,Sales,2025-11-20,1
3500,541,Sales,Operations,2026-03-03,0
3501,321,Customer Support,Sales,2026-01-23,0
3502,278,Operations,Software Engineering,2025-12-04,0
3503,593,Sales,Sales,2026-02-02,0
3504,396,Marketing,Data & Analytics,2026-04-02,0
3505,469,Design,Data & Analytics,2025-09-19,0
3506,187,Software Engineering,Customer Support,2025-10-05,0
3507,281,Sales,Marketing,2026-04-01,1
3508,3,Software Engineering,Data & Analytics,2025-11-21,1
3509,130,Data & Analytics,Software Engineering,2026-01-26,0
3510,213,Sales,Marketing,2025-12-05,0
3511,179,Operations,Data & Analytics,2025-11-12,0
3512,218,Software Engineering,Marketing,2025-12-20,1
3513,67,Design,Customer Support,2025-11-30,0
3514,491,Finance & Accounting,Software Engineering,2025-12-21,0
3515,523,Sales,Operations,2025-11-09,1
3516,189,Design,Data & Analytics,2025-09-19,0
3517,67,Customer Support,Design,2026-03-09,0
3518,141,Sales,Sales,2025-10-24,1
3519,356,Finance & Accounting,Sales,2025-11-07,1
3520,59,Finance & Accounting,Software Engineering,2025-08-21,1
3521,342,Software Engineering,Customer Support,2026-02-04,0
3522,283,Marketing,Software Engineering,2026-04-21,0
3523,54,Marketing,Customer Support,2025-08-25,0
3524,140,Data & Analytics,Finance & Accounting,2025-12-09,0
3525,60,Customer Support,Sales,2025-12-27,0
3526,33,Marketing,Marketing,2026-03-11,0
3527,529,Operations,Finance & Accounting,2025-12-15,0
3528,157,Customer Support,Operations,2026-04-13,1
3529,80,Finance & Accounting,Sales,2025-09-24,1
3530,247,Software Engineering,Sales,2025-09-27,0
3531,245,Software Engineering,Operations,2026-01-08,0
3532,87,Data & Analytics,Sales,2025-10-20,0
3533,230,Design,Customer Support,2026-03-29,0
3534,585,Design,Software Engineering,2026-03-15,1
3535,414,Design,Data & Analytics,2025-11-06,0
3536,211,Sales,Finance & Accounting,2026-02-19,0
3537,561,Software Engineering,Design,2025-10-05,1
3538,540,Design,Sales,2026-01-28,0
3539,88,Sales,Design,2026-02-04,0
3540,342,Customer Support,Finance & Accounting,2026-03-10,1
3541,408,Data & Analytics,Operations,2026-04-21,0
3542,261,Operations,Marketing,2026-03-22,0
3543,253,Customer Support,Finance & Accounting,2026-04-29,0
3544,353,Software Engineering,Marketing,2026-02-01,0
3545,585,Marketing,Finance & Accounting,2026-01-02,0
3546,552,Design,Customer Support,2025-11-29,1
3547,337,Operations,Data & Analytics,2025-09-12,0
3548,575,Design,Marketing,2025-08-30,0
3549,55,Data & Analytics,Software Engineering,2026-01-11,0
3550,577,Marketing,Software Engineering,2025-12-05,1
3551,222,Operations,Software Engineering,2026-03-26,1
3552,289,Marketing,Data & Analytics,2025-12-28,1
3553,177,Finance & Accounting,Customer Support,2025-12-17,0
3554,374,Sales,Software Engineering,2026-03-02,0
3555,47,Operations,Finance & Accounting,2025-09-02,0
3556,407,Data & Analytics,Marketing,2025-08-17,1
3557,66,Finance & Accounting,Finance & Accounting,2026-03-17,0
3558,2,Sales,Data & Analytics,2026-04-27,1
3559,571,Data & Analytics,Data & Analytics,2026-03-31,0
3560,346,Data & Analytics,Customer Support,2026-03-25,1
3561,433,Operations,Marketing,2026-04-10,0
3562,12,Design,Software Engineering,2026-01-20,0
3563,331,Customer Support,Operations,2025-11-30,0
3564,90,Design,Sales,2026-03-06,1
3565,52,Finance & Accounting,Data & Analytics,2025-09-04,1
3566,398,Marketing,Finance & Accounting,2026-01-14,0
3567,533,Data & Analytics,Customer Support,2026-04-12,0
3568,481,Sales,Finance & Accounting,2026-01-05,0
3569,20,Marketing,Sales,2026-03-21,1
3570,97,Customer Support,Data & Analytics,2025-08-21,0
3571,581,Marketing,Customer Support,2025-09-20,0
3572,529,Design,Data & Analytics,2025-11-08,0
3573,362,Operations,Sales,2026-03-18,0
3574,234,Software Engineering,Software Engineering,2025-10-10,0
3575,139,Software Engineering,Sales,2025-09-18,0
3576,438,Software Engineering,Customer Support,2025-08-28,0
3577,114,Finance & Accounting,Sales,2025-11-19,0
3578,165,Operations,Sales,2025-09-24,1
3579,298,Data & Analytics,Software Engineering,2026-01-31,0
3580,546,Marketing,Software Engineering,2025-12-01,0
3581,153,Marketing,Marketing,2026-03-02,0
3582,290,Design,Finance & Accounting,2026-04-25,0
3583,157,Customer Support,Customer Support,2025-09-14,0
3584,150,Finance & Accounting,Marketing,2026-03-10,0
3585,11,Data & Analytics,Operations,2026-04-25,0
3586,399,Finance & Accounting,Sales,2025-11-02,0
3587,130,Marketing,Design,2026-04-22,0
3588,313,Software Engineering,Operations,2025-08-18,0
3589,79,Sales,Software Engineering,2025-09-09,0
3590,53,Software Engineering,Operations,2026-02-21,1
3591,168,Software Engineering,Finance & Accounting,2025-09-10,0
3592,106,Marketing,Design,2026-03-19,1
3593,207,Data & Analytics,Data & Analytics,2026-02-20,1
3594,166,Customer Support,Finance & Accounting,2025-09-11,0
3595,33,Software Engineering,Operations,2025-10-06,0
3596,506,Design,Data & Analytics,2026-04-03,1
3597,176,Marketing,Finance & Accounting,2026-03-25,0
3598,358,Software Engineering,Finance & Accounting,2026-02-11,1
3599,299,Sales,Data & Analytics,2026-03-26,0
3600,66,Marketing,Sales,2026-04-19,0
3601,599,Marketing,Customer Support,2026-02-10,0
3602,102,Design,Data & Analytics,2026-02-22,1
3603,374,Data & Analytics,Data & Analytics,2026-03-13,0
3604,109,Customer Support,Sales,2025-08-23,0
3605,440,Design,Design,2025-12-22,1
3606,347,Design,Software Engineering,2025-09-22,0
3607,325,Finance & Accounting,Marketing,2025-11-26,0
3608,600,Operations,Marketing,2025-09-10,0
3609,253,Design,Design,2025-12-26,0
3610,31,Marketing,Marketing,2025-11-16,0
3611,253,Sales,Software Engineering,2025-12-21,0
3612,43,Design,Sales,2026-03-23,0
3613,15,Finance & Accounting,Customer Support,2025-09-09,0
3614,271,Design,Finance & Accounting,2025-10-01,0
3615,128,Sales,Data & Analytics,2026-02-07,0
3616,528,Customer Support,Operations,2026-02-05,0
3617,566,Marketing,Design,2025-12-07,1
3618,434,Software Engineering,Marketing,2026-02-09,1
3619,97,Sales,Design,2025-09-22,0
3620,220,Software Engineering,Marketing,2026-04-12,0
3621,16,Data & Analytics,Customer Support,2025-10-02,0
3622,39,Design,Finance & Accounting,2026-04-16,1
3623,72,Customer Support,Marketing,2025-08-13,1
3624,23,Customer Support,Customer Support,2026-04-23,1
3625,65,Operations,Software Engineering,2026-03-13,0
3626,359,Operations,Design,2026-03-31,0
3627,568,Operations,Finance & Accounting,2026-02-06,1
3628,375,Design,Data & Analytics,2026-04-11,0
3629,329,Software Engineering,Data & Analytics,2025-10-02,0
3630,469,Sales,Finance & Accounting,2025-08-18,0
3631,139,Finance & Accounting,Design,2025-09-28,1
3632,208,Marketing,Sales,2026-01-16,1
3633,281,Data & Analytics,Data & Analytics,2026-02-01,0
3634,215,Design,Sales,2025-08-17,1
3635,42,Software Engineering,Customer Support,2025-09-11,0
3636,511,Data & Analytics,Design,2025-11-04,0
3637,68,Software Engineering,Software Engineering,2026-01-06,0
3638,186,Design,Data & Analytics,2026-04-02,0
3639,141,Design,Software Engineering,2025-10-22,0
3640,529,Software Engineering,Sales,2026-03-13,0
3641,377,Data & Analytics,Data & Analytics,2025-10-13,1
3642,249,Data & Analytics,Finance & Accounting,2026-04-22,1
3643,595,Operations,Software Engineering,2026-03-20,0
3644,229,Operations,Software Engineering,2026-03-23,0
3645,21,Data & Analytics,Design,2026-04-21,0
3646,325,Finance & Accounting,Data & Analytics,2025-10-08,0
3647,257,Marketing,Sales,2025-10-16,0
3648,161,Operations,Operations,2025-11-17,1
3649,305,Data & Analytics,Customer Support,2026-04-10,1
3650,308,Software Engineering,Design,2026-01-28,0
3651,175,Marketing,Customer Support,2026-04-07,0
3652,380,Customer Support,Design,2025-09-23,0
3653,109,Marketing,Finance & Accounting,2026-04-12,0
3654,281,Operations,Software Engineering,2026-03-29,1
3655,544,Customer Support,Data & Analytics,2025-09-17,0
3656,235,Marketing,Sales,2025-09-01,0
3657,491,Finance & Accounting,Finance & Accounting,2026-04-22,0
3658,380,Design,Software Engineering,2025-09-01,0
3659,499,Software Engineering,Data & Analytics,2025-10-22,0
3660,494,Software Engineering,Data & Analytics,2026-03-31,0
3661,212,Customer Support,Data & Analytics,2025-09-01,0
3662,112,Marketing,Marketing,2026-03-10,1
3663,128,Software Engineering,Finance & Accounting,2025-12-23,1
3664,417,Data & Analytics,Software Engineering,2025-11-20,0
3665,171,Customer Support,Sales,2025-08-21,0
3666,446,Software Engineering,Design,2025-12-10,0
3667,476,Design,Data & Analytics,2025-08-28,0
3668,181,Finance & Accounting,Finance & Accounting,2025-11-01,0
3669,574,Customer Support,Design,2026-02-19,0
3670,95,Design,Data & Analytics,2026-04-03,1
3671,122,Sales,Marketing,2025-10-08,0
3672,276,Software Engineering,Operations,2026-04-21,0
3673,247,Finance & Accounting,Data & Analytics,2026-04-03,0
3674,90,Finance & Accounting,Data & Analytics,2025-10-05,0
3675,416,Software Engineering,Finance & Accounting,2026-03-09,0
3676,172,Sales,Marketing,2025-12-29,0
3677,192,Design,Software Engineering,2025-12-14,1
3678,188,Customer Support,Customer Support,2026-04-08,0
3679,313,Operations,Customer Support,2026-04-03,0
3680,18,Sales,Data & Analytics,2026-02-23,1
3681,122,Finance & Accounting,Sales,2026-04-25,0
3682,18,Marketing,Operations,2025-12-14,0
3683,485,Operations,Operations,2025-12-21,1
3684,524,Marketing,Marketing,2026-01-10,0
3685,77,Design,Data & Analytics,2025-08-18,0
3686,6,Data & Analytics,Software Engineering,2026-03-18,1
3687,401,Finance & Accounting,Finance & Accounting,2025-09-28,0
3688,324,Operations,Operations,2026-03-19,1
3689,180,Marketing,Design,2025-09-24,0
3690,24,Customer Support,Customer Support,2025-08-16,1
3691,197,Operations,Customer Support,2025-08-14,0
3692,567,Operations,Marketing,2025-09-13,0
3693,581,Design,Operations,2025-11-01,0
3694,135,Design,Data & Analytics,2026-02-08,0
3695,137,Sales,Data & Analytics,2026-01-04,0
3696,236,Data & Analytics,Design,2026-02-11,0
3697,406,Finance & Accounting,Sales,2026-01-12,0
3698,492,Sales,Design,2025-11-04,0
3699,27,Design,Finance & Accounting,2025-12-12,0
3700,215,Software Engineering,Software Engineering,2025-10-12,1
3701,573,Customer Support,Marketing,2026-04-23,0
3702,480,Data & Analytics,Customer Support,2026-02-18,0
3703,512,Software Engineering,Software Engineering,2026-01-09,1
3704,334,Data & Analytics,Marketing,2026-04-14,0
3705,118,Design,Customer Support,2025-10-24,0
3706,116,Marketing,Sales,2026-04-14,0
3707,320,Data & Analytics,Design,2025-11-22,1
3708,390,Design,Marketing,2025-08-22,1
3709,11,Marketing,Marketing,2025-10-18,0
3710,457,Software Engineering,Data & Analytics,2025-11-11,0
3711,208,Finance & Accounting,Software Engineering,2025-10-25,0
3712,531,Design,Marketing,2025-09-20,0
3713,451,Sales,Marketing,2025-10-25,1
3714,339,Finance & Accounting,Design,2025-11-15,0
3715,276,Software Engineering,Data & Analytics,2025-08-25,1
3716,369,Finance & Accounting,Operations,2026-02-08,0
3717,184,Data & Analytics,Operations,2025-12-07,0
3718,394,Sales,Software Engineering,2026-04-29,0
3719,21,Sales,Customer Support,2025-10-05,1
3720,418,Operations,Finance & Accounting,2025-10-25,1
3721,224,Marketing,Design,2026-04-06,0
3722,143,Software Engineering,Customer Support,2025-11-28,0
3723,515,Operations,Data & Analytics,2026-02-14,0
3724,419,Finance & Accounting,Data & Analytics,2026-04-09,1
3725,167,Sales,Sales,2026-03-13,1
3726,469,Data & Analytics,Marketing,2025-12-31,1
3727,184,Marketing,Marketing,2025-12-11,0
3728,172,Software Engineering,Software Engineering,2025-10-03,0
3729,89,Data & Analytics,Marketing,2025-08-13,0
3730,210,Data & Analytics,Sales,2026-03-28,0
3731,59,Operations,Finance & Accounting,2025-10-01,0
3732,454,Marketing,Customer Support,2026-04-25,0
3733,76,Sales,Finance & Accounting,2025-10-30,0
3734,169,Software Engineering,Data & Analytics,2026-03-21,0
3735,50,Marketing,Operations,2025-11-26,0
3736,531,Marketing,Marketing,2025-09-15,1
3737,285,Marketing,Finance & Accounting,2025-11-14,0
3738,110,Operations,Marketing,2025-10-26,0
3739,559,Customer Support,Finance & Accounting,2026-03-25,0
3740,587,Customer Support,Design,2026-01-04,0
3741,534,Marketing,Design,2025-11-07,1
3742,73,Sales,Customer Support,2026-04-19,1
3743,77,Data & Analytics,Customer Support,2025-09-02,0
3744,32,Operations,Design,2025-09-09,0
3745,496,Sales,Sales,2025-11-06,1
3746,581,Customer Support,Operations,2025-11-28,1
3747,173,Software Engineering,Sales,2025-09-20,0
3748,599,Operations,Data & Analytics,2026-02-09,0
3749,93,Sales,Marketing,2026-04-06,1
3750,90,Customer Support,Customer Support,2025-10-17,0
3751,341,Marketing,Customer Support,2026-01-16,0
3752,326,Operations,Finance & Accounting,2026-04-27,0
3753,511,Operations,Finance & Accounting,2025-08-23,1
3754,548,Operations,Customer Support,2026-02-26,0
3755,533,Design,Operations,2025-08-20,1
3756,45,Design,Data & Analytics,2026-01-18,0
3757,395,Sales,Customer Support,2026-03-25,0
3758,511,Customer Support,Data & Analytics,2025-10-13,0
3759,471,Design,Data & Analytics,2026-03-30,1
3760,97,Marketing,Design,2025-10-23,0
3761,336,Design,Operations,2026-01-05,0
3762,365,Sales,Software Engineering,2026-02-03,1
3763,374,Finance & Accounting,Marketing,2025-11-12,0
3764,96,Finance & Accounting,Design,2026-04-13,1
3765,390,Software Engineering,Design,2026-04-16,1
3766,316,Data & Analytics,Software Engineering,2026-02-21,0
3767,109,Finance & Accounting,Design,2025-10-25,0
3768,520,Sales,Operations,2025-09-18,1
3769,521,Marketing,Finance & Accounting,2026-01-02,0
3770,92,Operations,Sales,2025-09-12,0
3771,424,Customer Support,Data & Analytics,2025-09-01,0
3772,221,Design,Sales,2025-11-23,0
3773,431,Customer Support,Design,2026-04-03,0
3774,198,Design,Finance & Accounting,2025-08-14,0
3775,256,Data & Analytics,Design,2026-04-24,1
3776,183,Operations,Finance & Accounting,2025-09-22,0
3777,90,Finance & Accounting,Customer Support,2026-01-12,0
3778,10,Data & Analytics,Data & Analytics,2025-09-13,1
3779,87,Software Engineering,Data & Analytics,2026-03-26,1
3780,349,Marketing,Finance & Accounting,2026-03-24,1
3781,308,Data & Analytics,Customer Support,2025-11-30,0
3782,440,Operations,Customer Support,2025-09-24,1
3783,464,Operations,Software Engineering,2026-02-01,0
3784,306,Operations,Customer Support,2025-12-19,0
3785,481,Data & Analytics,Design,2025-10-29,1
3786,84,Data & Analytics,Design,2026-04-04,0
3787,500,Customer Support,Operations,2025-11-29,0
3788,108,Finance & Accounting,Sales,2026-01-09,0
3789,375,Finance & Accounting,Design,2025-09-27,1
3790,343,Software Engineering,Marketing,2025-09-16,0
3791,92,Operations,Sales,2026-01-12,0
3792,55,Software Engineering,Sales,2026-04-23,0
3793,213,Software Engineering,Data & Analytics,2025-09-16,1
3794,73,Design,Customer Support,2025-08-25,0
3795,375,Finance & Accounting,Operations,2026-04-24,0
3796,45,Sales,Data & Analytics,2026-01-29,0
3797,169,Finance & Accounting,Customer Support,2025-08-18,1
3798,14,Finance & Accounting,Finance & Accounting,2026-04-28,0
3799,34,Operations,Software Engineering,2025-09-09,0
3800,238,Customer Support,Marketing,2026-01-08,1
3801,443,Operations,Customer Support,2025-10-24,1
3802,98,Sales,Operations,2025-11-12,1
3803,403,Finance & Accounting,Sales,2025-09-16,1
3804,308,Customer Support,Customer Support,2026-01-23,0
3805,537,Sales,Customer Support,2026-04-25,0
3806,186,Finance & Accounting,Design,2026-04-02,0
3807,402,Sales,Customer Support,2025-12-05,0
3808,11,Data & Analytics,Sales,2025-12-03,1
3809,84,Marketing,Data & Analytics,2026-02-04,0
3810,578,Design,Design,2026-03-03,0
3811,285,Customer Support,Sales,2026-04-27,0
3812,262,Finance & Accounting,Customer Support,2025-10-14,0
3813,14,Finance & Accounting,Operations,2026-04-09,0
3814,344,Data & Analytics,Data & Analytics,2025-09-03,1
3815,496,Customer Support,Data & Analytics,2025-08-27,0
3816,271,Sales,Customer Support,2026-02-09,0
3817,240,Marketing,Software Engineering,2025-12-15,0
3818,237,Sales,Finance & Accounting,2026-04-01,0
3819,521,Design,Software Engineering,2025-08-17,1
3820,511,Data & Analytics,Customer Support,2025-08-30,0
3821,116,Sales,Design,2025-10-24,1
3822,260,Data & Analytics,Sales,2025-08-15,0
3823,30,Finance & Accounting,Software Engineering,2026-01-23,1
3824,499,Customer Support,Finance & Accounting,2025-10-08,0
3825,349,Finance & Accounting,Software Engineering,2025-09-15,0
3826,1,Data & Analytics,Operations,2026-01-15,0
3827,166,Finance & Accounting,Data & Analytics,2026-03-03,0
3828,25,Operations,Software Engineering,2026-01-04,1
3829,52,Sales,Data & Analytics,2026-02-28,0
3830,406,Data & Analytics,Software Engineering,2025-09-16,0
3831,459,Software Engineering,Data & Analytics,2025-10-12,1
3832,140,Operations,Customer Support,2026-03-06,1
3833,464,Software Engineering,Finance & Accounting,2025-10-19,1
3834,228,Data & Analytics,Software Engineering,2026-04-13,0
3835,182,Operations,Customer Support,2026-03-16,1
3836,500,Design,Finance & Accounting,2025-11-21,0
3837,597,Marketing,Design,2026-01-28,0
3838,324,Data & Analytics,Marketing,2026-01-21,0
3839,556,Design,Software Engineering,2025-12-18,0
3840,46,Sales,Finance & Accounting,2025-12-10,0
3841,48,Finance & Accounting,Software Engineering,2025-10-11,0
3842,461,Finance & Accounting,Software Engineering,2025-10-03,0
3843,95,Customer Support,Sales,2025-08-23,1
3844,417,Finance & Accounting,Software Engineering,2025-10-27,1
3845,577,Data & Analytics,Sales,2026-03-27,1
3846,423,Software Engineering,Marketing,2025-11-16,0
3847,235,Finance & Accounting,Finance & Accounting,2026-04-26,1
3848,273,Sales,Operations,2026-04-26,1
3849,225,Operations,Design,2025-09-11,1
3850,563,Design,Operations,2026-03-23,0
3851,219,Data & Analytics,Sales,2026-04-13,0
3852,491,Design,Data & Analytics,2025-09-17,0
3853,436,Software Engineering,Design,2025-12-04,0
3854,550,Sales,Software Engineering,2026-02-07,1
3855,124,Software Engineering,Sales,2026-02-19,1
3856,63,Finance & Accounting,Design,2026-01-20,0
3857,141,Sales,Operations,2026-02-11,0
3858,487,Finance & Accounting,Customer Support,2025-11-18,0
3859,139,Customer Support,Data & Analytics,2025-12-24,0
3860,426,Data & Analytics,Operations,2025-10-27,0
3861,504,Sales,Marketing,2025-08-27,0
3862,240,Marketing,Customer Support,2026-04-04,1
3863,582,Design,Software Engineering,2025-12-09,0
3864,110,Finance & Accounting,Finance & Accounting,2026-01-02,0
3865,476,Finance & Accounting,Data & Analytics,2025-08-26,0
3866,321,Finance & Accounting,Sales,2026-04-06,0
3867,418,Sales,Sales,2025-12-29,1
3868,526,Software Engineering,Marketing,2025-11-13,0
3869,322,Software Engineering,Sales,2026-01-01,0
3870,474,Operations,Operations,2026-03-07,1
3871,293,Operations,Operations,2025-12-10,1
3872,271,Sales,Data & Analytics,2026-01-16,1
3873,449,Software Engineering,Finance & Accounting,2025-11-24,0
3874,37,Marketing,Customer Support,2026-01-07,0
3875,479,Marketing,Marketing,2025-10-21,0
3876,27,Customer Support,Sales,2026-03-10,0
3877,320,Data & Analytics,Sales,2026-01-18,0
3878,309,Operations,Software Engineering,2025-10-02,0
3879,323,Data & Analytics,Sales,2026-01-26,0
3880,124,Design,Customer Support,2026-01-19,1
3881,283,Operations,Finance & Accounting,2026-03-10,0
3882,76,Marketing,Data & Analytics,2025-09-11,0
3883,399,Sales,Data & Analytics,2026-03-27,0
3884,8,Data & Analytics,Data & Analytics,2025-08-13,1
3885,486,Finance & Accounting,Data & Analytics,2026-02-23,1
3886,293,Software Engineering,Marketing,2026-03-13,0
3887,216,Data & Analytics,Operations,2026-04-28,0
3888,233,Operations,Sales,2025-08-18,0
3889,475,Customer Support,Finance & Accounting,2026-03-06,0
3890,267,Marketing,Data & Analytics,2025-10-18,0
3891,54,Data & Analytics,Marketing,2026-04-29,0
3892,25,Marketing,Customer Support,2026-03-01,1
3893,370,Finance & Accounting,Finance & Accounting,2026-03-17,0
3894,557,Finance & Accounting,Marketing,2026-02-14,0
3895,319,Marketing,Marketing,2025-09-08,1
3896,428,Operations,Software Engineering,2026-02-19,0
3897,365,Design,Customer Support,2025-09-05,1
3898,546,Finance & Accounting,Operations,2026-03-19,0
3899,95,Customer Support,Customer Support,2025-09-01,0
3900,593,Operations,Design,2026-03-27,0
3901,589,Design,Marketing,2025-09-05,0
3902,500,Finance & Accounting,Finance & Accounting,2025-09-23,0
3903,3,Software Engineering,Operations,2026-01-22,1
3904,467,Software Engineering,Marketing,2026-04-03,0
3905,517,Operations,Design,2026-03-06,0
3906,452,Operations,Data & Analytics,2026-03-19,0
3907,97,Data & Analytics,Customer Support,2025-10-04,1
3908,506,Software Engineering,Operations,2025-09-11,1
3909,28,Design,Design,2026-04-25,0
3910,336,Operations,Design,2025-09-18,0
3911,222,Sales,Data & Analytics,2025-08-20,0
3912,592,Design,Operations,2026-02-02,1
3913,152,Operations,Marketing,2025-11-14,1
3914,355,Finance & Accounting,Data & Analytics,2026-04-20,0
3915,17,Finance & Accounting,Finance & Accounting,2025-08-25,1
3916,336,Sales,Design,2026-04-19,1
3917,127,Finance & Accounting,Data & Analytics,2026-03-11,1
3918,94,Finance & Accounting,Software Engineering,2025-09-10,1
3919,35,Marketing,Finance & Accounting,2025-11-25,1
3920,487,Design,Customer Support,2026-01-15,0
3921,190,Software Engineering,Data & Analytics,2026-01-29,0
3922,101,Sales,Finance & Accounting,2025-09-13,0
3923,527,Design,Sales,2026-03-03,0
3924,475,Customer Support,Sales,2025-11-25,1
3925,72,Sales,Customer Support,2025-09-21,0
3926,286,Marketing,Data & Analytics,2026-03-02,1
3927,170,Customer Support,Sales,2026-03-08,0
3928,91,Data & Analytics,Data & Analytics,2026-01-12,0
3929,89,Marketing,Marketing,2026-04-26,1
3930,549,Data & Analytics,Design,2025-09-28,0
3931,313,Design,Sales,2026-01-18,0
3932,236,Customer Support,Marketing,2025-11-19,0
3933,549,Customer Support,Operations,2025-09-06,1
3934,527,Software Engineering,Marketing,2026-03-10,0
3935,518,Data & Analytics,Design,2026-04-25,0
3936,100,Design,Customer Support,2025-10-12,1
3937,387,Software Engineering,Software Engineering,2025-10-23,1
3938,573,Finance & Accounting,Finance & Accounting,2025-12-10,1
3939,119,Design,Design,2025-10-22,0
3940,1,Finance & Accounting,Data & Analytics,2026-01-13,0
3941,569,Sales,Sales,2026-02-09,0
3942,68,Operations,Customer Support,2026-03-25,0
3943,584,Finance & Accounting,Software Engineering,2026-04-10,0
3944,424,Finance & Accounting,Sales,2025-10-11,0
3945,256,Design,Data & Analytics,2025-11-15,0
3946,580,Finance & Accounting,Data & Analytics,2025-09-07,0
3947,397,Software Engineering,Software Engineering,2025-11-09,0
3948,24,Customer Support,Customer Support,2026-01-26,1
3949,446,Data & Analytics,Finance & Accounting,2026-01-28,0
3950,453,Software Engineering,Sales,2025-08-30,0
3951,281,Marketing,Finance & Accounting,2025-09-15,0
3952,87,Finance & Accounting,Finance & Accounting,2026-03-04,0
3953,522,Customer Support,Sales,2026-04-14,1
3954,583,Sales,Finance & Accounting,2026-03-10,0
3955,513,Customer Support,Operations,2026-01-10,0
3956,10,Customer Support,Data & Analytics,2026-03-06,1
3957,543,Marketing,Sales,2025-10-02,0
3958,46,Data & Analytics,Finance & Accounting,2025-12-01,1
3959,561,Design,Sales,2026-03-28,0
3960,400,Data & Analytics,Design,2026-04-21,1
3961,150,Marketing,Design,2025-11-23,1
3962,203,Marketing,Data & Analytics,2026-02-08,0
3963,281,Design,Finance & Accounting,2026-03-02,0
3964,288,Design,Design,2025-09-20,0
3965,35,Sales,Marketing,2025-12-14,1
3966,35,Data & Analytics,Customer Support,2025-11-09,0
3967,459,Software Engineering,Design,2025-09-11,0
3968,161,Software Engineering,Sales,2025-11-20,0
3969,128,Customer Support,Sales,2026-03-02,0
3970,451,Customer Support,Software Engineering,2025-08-14,1
3971,189,Operations,Sales,2025-12-04,0
3972,566,Customer Support,Finance & Accounting,2026-03-13,0
3973,111,Software Engineering,Finance & Accounting,2025-10-17,0
3974,321,Sales,Operations,2025-10-30,0
3975,45,Sales,Sales,2025-10-20,0
3976,391,Operations,Design,2026-02-01,1
3977,378,Sales,Customer Support,2025-10-26,0
3978,273,Operations,Operations,2026-01-07,0
3979,45,Finance & Accounting,Operations,2025-11-21,0
3980,526,Software Engineering,Sales,2026-03-31,0
3981,422,Marketing,Finance & Accounting,2025-12-21,1
3982,114,Sales,Data & Analytics,2026-02-11,0
3983,196,Sales,Finance & Accounting,2025-11-13,0
3984,593,Customer Support,Software Engineering,2026-01-20,1
3985,600,Marketing,Software Engineering,2025-09-28,1
3986,318,Design,Software Engineering,2026-04-17,1
3987,267,Marketing,Marketing,2026-02-04,0
3988,597,Finance & Accounting,Finance & Accounting,2026-02-11,1
3989,81,Sales,Design,2026-01-20,0
3990,122,Design,Data & Analytics,2025-09-22,1
3991,362,Marketing,Marketing,2026-01-28,1
3992,49,Sales,Sales,2026-02-11,0
3993,576,Data & Analytics,Sales,2026-03-24,1
3994,241,Customer Support,Marketing,2025-08-27,0
3995,497,Finance & Accounting,Marketing,2025-08-19,0
3996,106,Software Engineering,Design,2026-04-19,0
3997,61,Sales,Marketing,2025-12-22,0
3998,443,Operations,Finance & Accounting,2026-03-01,0
3999,128,Marketing,Design,2026-04-01,0
4000,253,Operations,Software Engineering,2025-09-29,0
4001,529,Data & Analytics,Marketing,2026-02-02,0
4002,130,Sales,Customer Support,2025-11-28,1
4003,544,Customer Support,Design,2026-02-03,1
4004,499,Finance & Accounting,Sales,2026-02-27,0
4005,31,Marketing,Sales,2026-02-16,0
4006,96,Data & Analytics,Software Engineering,2026-04-04,0
4007,209,Finance & Accounting,Design,2026-04-21,0
4008,245,Operations,Software Engineering,2026-01-26,0
4009,226,Design,Marketing,2026-03-26,0
4010,514,Operations,Software Engineering,2026-01-11,0
4011,395,Sales,Marketing,2025-10-19,1
4012,35,Operations,Marketing,2025-10-17,0
4013,367,Operations,Finance & Accounting,2026-03-04,0
4014,2,Software Engineering,Customer Support,2025-12-15,1
4015,461,Data & Analytics,Data & Analytics,2025-09-25,1
4016,270,Software Engineering,Operations,2026-01-21,1
4017,600,Data & Analytics,Design,2025-11-17,0
4018,206,Operations,Operations,2025-12-02,0
4019,82,Software Engineering,Data & Analytics,2025-12-08,0
4020,295,Marketing,Data & Analytics,2025-08-30,1
4021,1,Software Engineering,Marketing,2026-02-07,1
4022,118,Data & Analytics,Software Engineering,2026-04-19,0
4023,217,Software Engineering,Marketing,2025-09-26,0
4024,269,Design,Customer Support,2026-03-04,1
4025,428,Operations,Operations,2026-04-22,0
4026,531,Customer Support,Sales,2025-10-19,1
4027,337,Finance & Accounting,Data & Analytics,2026-02-17,0
4028,366,Software Engineering,Software Engineering,2025-10-26,0
4029,28,Operations,Customer Support,2025-11-08,0
4030,243,Data & Analytics,Operations,2026-02-28,0
4031,150,Marketing,Marketing,2026-04-03,0
4032,413,Finance & Accounting,Software Engineering,2025-10-20,0
4033,406,Sales,Software Engineering,2025-12-11,1
4034,342,Sales,Data & Analytics,2026-02-20,0
4035,583,Operations,Sales,2025-12-26,0
4036,525,Design,Marketing,2026-01-31,1
4037,266,Sales,Software Engineering,2025-09-30,0
4038,434,Data & Analytics,Sales,2025-11-07,1
4039,545,Design,Data & Analytics,2026-04-26,0
4040,132,Design,Sales,2026-02-15,0
4041,439,Marketing,Design,2025-11-04,0
4042,440,Marketing,Finance & Accounting,2025-09-30,1
4043,335,Sales,Marketing,2025-11-23,1
4044,30,Operations,Data & Analytics,2025-09-09,0
4045,371,Data & Analytics,Marketing,2026-01-15,0
4046,212,Software Engineering,Software Engineering,2025-12-27,0
4047,281,Operations,Operations,2025-10-03,0
4048,158,Customer Support,Software Engineering,2025-11-10,0
4049,564,Finance & Accounting,Software Engineering,2026-03-16,0
4050,448,Data & Analytics,Finance & Accounting,2026-04-21,1
4051,353,Marketing,Sales,2026-03-10,1
4052,551,Design,Design,2025-12-20,0
4053,560,Customer Support,Design,2025-09-02,0
4054,468,Design,Operations,2026-04-22,0
4055,220,Marketing,Data & Analytics,2025-08-29,0
4056,290,Customer Support,Marketing,2025-12-27,1
4057,369,Design,Sales,2026-01-19,0
4058,133,Software Engineering,Design,2026-01-20,0
4059,265,Design,Design,2026-01-12,0
4060,497,Finance & Accounting,Operations,2026-01-03,0
4061,74,Sales,Marketing,2026-04-06,0
4062,256,Data & Analytics,Design,2026-03-04,0
4063,222,Sales,Operations,2026-01-02,1
4064,61,Marketing,Operations,2026-02-23,1
4065,233,Marketing,Software Engineering,2026-04-23,0
4066,120,Software Engineering,Design,2026-01-02,0
4067,5,Customer Support,Design,2026-03-31,0
4068,286,Sales,Customer Support,2025-11-05,0
4069,187,Marketing,Data & Analytics,2025-12-29,0
4070,531,Sales,Finance & Accounting,2025-12-25,1
4071,15,Software Engineering,Sales,2025-08-28,1
4072,329,Sales,Customer Support,2025-10-13,1
4073,415,Design,Operations,2026-02-24,0
4074,112,Customer Support,Sales,2026-04-08,0
4075,400,Sales,Sales,2026-03-29,0
4076,522,Finance & Accounting,Design,2025-10-31,0
4077,220,Finance & Accounting,Sales,2025-08-13,1
4078,258,Software Engineering,Design,2026-01-25,0
4079,410,Finance & Accounting,Marketing,2025-09-20,1
4080,119,Software Engineering,Customer Support,2026-03-25,0
4081,312,Design,Marketing,2026-01-16,0
4082,572,Customer Support,Finance & Accounting,2026-03-07,1
4083,282,Customer Support,Sales,2025-08-24,1
4084,213,Design,Sales,2025-12-20,0
4085,258,Finance & Accounting,Marketing,2026-02-11,0
4086,530,Software Engineering,Marketing,2026-01-07,0
4087,564,Design,Customer Support,2025-10-23,0
4088,70,Operations,Sales,2026-03-27,0
4089,380,Software Engineering,Software Engineering,2026-01-31,0
4090,472,Design,Operations,2025-08-31,0
4091,596,Customer Support,Finance & Accounting,2025-09-04,0
4092,66,Software Engineering,Customer Support,2025-11-07,0
4093,2,Data & Analytics,Design,2026-02-28,0
4094,212,Customer Support,Design,2025-10-20,1
4095,83,Sales,Sales,2025-08-29,1
4096,68,Data & Analytics,Software Engineering,2026-02-24,1
4097,526,Operations,Sales,2026-01-03,0
4098,83,Software Engineering,Finance & Accounting,2026-03-06,0
4099,464,Sales,Sales,2026-01-01,0
4100,462,Design,Finance & Accounting,2026-02-25,1
4101,538,Customer Support,Software Engineering,2025-10-16,0
4102,378,Customer Support,Data & Analytics,2025-12-25,1
4103,298,Customer Support,Finance & Accounting,2025-11-30,0
4104,108,Software Engineering,Design,2025-12-26,1
4105,359,Finance & Accounting,Marketing,2025-11-06,1
4106,248,Sales,Customer Support,2025-08-14,0
4107,88,Sales,Design,2026-04-24,0
4108,97,Marketing,Data & Analytics,2026-01-23,1
4109,148,Design,Sales,2026-04-24,0
4110,393,Finance & Accounting,Operations,2025-09-06,0
4111,203,Data & Analytics,Finance & Accounting,2026-01-07,0
4112,376,Operations,Customer Support,2026-01-28,1
4113,489,Data & Analytics,Operations,2025-10-21,0
4114,415,Finance & Accounting,Data & Analytics,2025-09-21,0
4115,48,Customer Support,Sales,2025-11-02,1
4116,490,Marketing,Customer Support,2025-12-02,0
4117,14,Data & Analytics,Operations,2026-02-03,0
4118,448,Operations,Operations,2025-11-07,0
4119,472,Marketing,Finance & Accounting,2025-12-17,1
4120,121,Customer Support,Marketing,2025-12-06,1
4121,520,Software Engineering,Customer Support,2025-12-04,0
4122,19,Operations,Finance & Accounting,2025-11-29,1
4123,188,Operations,Finance & Accounting,2026-03-04,0
4124,477,Marketing,Data & Analytics,2025-11-19,1
4125,38,Design,Software Engineering,2026-01-06,0
4126,198,Sales,Operations,2026-03-26,0
4127,590,Software Engineering,Operations,2026-03-26,0
4128,541,Data & Analytics,Sales,2026-02-10,0
4129,11,Design,Software Engineering,2025-11-10,0
4130,446,Finance & Accounting,Marketing,2025-10-11,1
4131,156,Data & Analytics,Software Engineering,2026-01-01,1
4132,275,Customer Support,Customer Support,2026-02-17,0
4133,191,Data & Analytics,Data & Analytics,2026-03-04,0
4134,420,Marketing,Design,2026-03-24,0
4135,537,Design,Sales,2026-01-07,0
4136,48,Customer Support,Software Engineering,2025-10-06,0
4137,70,Design,Marketing,2025-09-27,0
4138,4,Data & Analytics,Sales,2025-11-06,1
4139,102,Operations,Marketing,2026-03-19,0
4140,354,Customer Support,Operations,2025-12-09,1
4141,336,Finance & Accounting,Customer Support,2025-09-28,0
4142,78,Customer Support,Customer Support,2025-08-21,0
4143,286,Software Engineering,Customer Support,2025-09-24,0
4144,217,Customer Support,Customer Support,2025-12-04,0
4145,163,Software Engineering,Operations,2026-01-30,1
4146,254,Data & Analytics,Data & Analytics,2026-04-25,0
4147,260,Customer Support,Data & Analytics,2025-11-11,0
4148,315,Finance & Accounting,Data & Analytics,2025-09-22,0
4149,393,Customer Support,Software Engineering,2025-10-03,0
4150,155,Marketing,Operations,2026-01-06,0
4151,2,Customer Support,Data & Analytics,2026-02-24,1
4152,366,Sales,Design,2026-03-07,0
4153,429,Software Engineering,Customer Support,2026-01-01,0
4154,33,Sales,Customer Support,2026-01-15,1
4155,31,Software Engineering,Marketing,2025-12-17,0
4156,281,Customer Support,Data & Analytics,2026-03-18,0
4157,64,Customer Support,Finance & Accounting,2025-10-10,0
4158,177,Software Engineering,Software Engineering,2025-11-04,0
4159,104,Marketing,Marketing,2025-10-15,1
4160,208,Marketing,Finance & Accounting,2025-09-21,0
4161,55,Software Engineering,Sales,2026-04-01,0
4162,238,Design,Finance & Accounting,2025-08-24,0
4163,101,Sales,Software Engineering,2025-09-09,0
4164,305,Software Engineering,Operations,2026-03-21,1
4165,507,Data & Analytics,Software Engineering,2025-12-30,0
4166,430,Marketing,Data & Analytics,2026-02-25,0
4167,210,Design,Software Engineering,2026-01-25,0
4168,478,Data & Analytics,Marketing,2025-11-19,1
4169,346,Sales,Software Engineering,2025-12-03,0
4170,212,Sales,Operations,2026-03-03,0
4171,489,Software Engineering,Marketing,2025-09-04,0
4172,251,Software Engineering,Customer Support,2025-08-15,0
4173,256,Finance & Accounting,Marketing,2026-03-02,0
4174,537,Operations,Design,2026-04-29,0
4175,255,Data & Analytics,Data & Analytics,2026-04-02,0
4176,54,Operations,Finance & Accounting,2025-12-07,0
4177,390,Sales,Marketing,2026-03-30,1
4178,100,Design,Software Engineering,2025-11-27,1
4179,468,Data & Analytics,Marketing,2025-09-02,1
4180,558,Software Engineering,Sales,2025-09-05,1
4181,481,Customer Support,Customer Support,2025-11-21,0
4182,75,Software Engineering,Finance & Accounting,2025-10-30,0
4183,543,Finance & Accounting,Customer Support,2025-10-10,1
4184,393,Finance & Accounting,Finance & Accounting,2025-09-19,0
4185,143,Operations,Design,2026-04-12,1
4186,214,Customer Support,Marketing,2026-01-20,1
4187,301,Customer Support,Software Engineering,2026-01-07,1
4188,276,Design,Software Engineering,2026-01-15,0
4189,396,Operations,Customer Support,2026-03-08,0
4190,440,Operations,Finance & Accounting,2025-11-30,0
4191,556,Data & Analytics,Sales,2026-02-02,0
4192,569,Sales,Data & Analytics,2026-01-20,1
4193,34,Software Engineering,Finance & Accounting,2026-03-13,1
4194,470,Sales,Software Engineering,2026-03-25,0
4195,247,Marketing,Design,2025-11-18,0
4196,329,Marketing,Marketing,2025-09-13,1
4197,8,Data & Analytics,Finance & Accounting,2026-03-20,0
4198,534,Software Engineering,Operations,2025-11-06,1
4199,72,Data & Analytics,Software Engineering,2026-02-26,0
4200,188,Design,Finance & Accounting,2025-10-18,1
4201,490,Customer Support,Operations,2026-02-05,0
4202,518,Finance & Accounting,Operations,2025-09-13,0
4203,230,Sales,Design,2025-09-30,0
4204,385,Software Engineering,Data & Analytics,2026-03-28,0
4205,174,Sales,Software Engineering,2026-02-20,1
4206,68,Finance & Accounting,Customer Support,2025-09-17,0
4207,286,Operations,Customer Support,2026-04-14,0
4208,337,Operations,Software Engineering,2026-04-01,0
4209,412,Marketing,Data & Analytics,2025-09-20,1
4210,372,Sales,Design,2026-04-16,0
4211,370,Marketing,Customer Support,2026-03-26,0
4212,492,Sales,Finance & Accounting,2025-11-07,1
4213,102,Data & Analytics,Data & Analytics,2025-08-18,1
4214,223,Finance & Accounting,Design,2026-01-03,1
4215,4,Finance & Accounting,Sales,2025-11-06,1
4216,32,Software Engineering,Data & Analytics,2025-09-01,0
4217,404,Finance & Accounting,Design,2025-09-25,0
4218,185,Software Engineering,Sales,2026-03-01,0
4219,277,Design,Software Engineering,2025-09-23,0
4220,213,Software Engineering,Customer Support,2025-08-24,0
4221,59,Operations,Software Engineering,2025-10-17,0
4222,308,Software Engineering,Software Engineering,2025-10-05,0
4223,24,Customer Support,Sales,2026-01-11,0
4224,592,Customer Support,Software Engineering,2025-10-26,0
4225,327,Sales,Operations,2026-04-23,0
4226,487,Marketing,Marketing,2026-03-16,0
4227,326,Data & Analytics,Data & Analytics,2025-12-01,0
4228,268,Sales,Operations,2025-10-08,0
4229,202,Data & Analytics,Marketing,2026-02-24,1
4230,122,Design,Design,2025-09-11,1
4231,484,Customer Support,Marketing,2026-03-28,0
4232,162,Software Engineering,Sales,2026-04-24,0
4233,129,Operations,Customer Support,2026-04-05,1
4234,62,Design,Design,2026-03-31,1
4235,13,Data & Analytics,Finance & Accounting,2026-02-19,0
4236,228,Sales,Data & Analytics,2026-02-10,0
4237,66,Sales,Sales,2025-08-15,0
4238,389,Customer Support,Data & Analytics,2025-12-04,0
4239,30,Operations,Marketing,2026-02-21,1
4240,292,Finance & Accounting,Finance & Accounting,2025-09-29,0
4241,94,Data & Analytics,Software Engineering,2025-11-10,0
4242,69,Operations,Software Engineering,2026-03-03,1
4243,495,Design,Data & Analytics,2026-01-20,1
4244,281,Customer Support,Data & Analytics,2026-04-02,0
4245,217,Marketing,Operations,2026-02-11,0
4246,556,Marketing,Software Engineering,2026-03-27,0
4247,124,Finance & Accounting,Sales,2025-09-04,0
4248,27,Operations,Operations,2025-08-23,1
4249,577,Data & Analytics,Sales,2026-03-18,1
4250,201,Design,Marketing,2026-04-24,0
4251,313,Customer Support,Software Engineering,2025-09-13,0
4252,162,Software Engineering,Data & Analytics,2025-10-04,0
4253,445,Data & Analytics,Data & Analytics,2025-08-17,0
4254,568,Customer Support,Sales,2025-11-17,1
4255,237,Marketing,Software Engineering,2025-12-08,1
4256,55,Customer Support,Software Engineering,2026-04-16,1
4257,106,Sales,Finance & Accounting,2025-09-09,0
4258,335,Data & Analytics,Software Engineering,2025-10-08,0
4259,397,Sales,Data & Analytics,2026-02-15,0
4260,185,Sales,Finance & Accounting,2026-01-03,0
4261,484,Operations,Sales,2026-02-13,0
4262,385,Customer Support,Design,2025-10-27,1
4263,139,Sales,Data & Analytics,2025-09-25,0
4264,260,Software Engineering,Finance & Accounting,2025-12-15,1
4265,370,Marketing,Design,2026-02-10,0
4266,7,Sales,Operations,2026-01-20,0
4267,296,Data & Analytics,Data & Analytics,2026-01-25,0
4268,227,Software Engineering,Customer Support,2025-10-15,1
4269,375,Data & Analytics,Finance & Accounting,2026-02-20,0
4270,580,Design,Marketing,2026-01-05,0
4271,5,Sales,Data & Analytics,2026-01-30,0
4272,552,Design,Design,2026-03-24,0
4273,293,Finance & Accounting,Data & Analytics,2026-04-20,0
4274,16,Sales,Customer Support,2026-02-18,0
4275,306,Customer Support,Sales,2026-01-03,0
4276,441,Operations,Marketing,2025-11-30,1
4277,230,Finance & Accounting,Finance & Accounting,2026-01-26,0
4278,129,Design,Software Engineering,2026-01-16,1
4279,4,Software Engineering,Design,2026-01-16,0
4280,598,Customer Support,Customer Support,2026-02-17,1
4281,268,Finance & Accounting,Finance & Accounting,2025-08-20,1
4282,422,Operations,Design,2025-10-04,0
4283,90,Design,Finance & Accounting,2026-01-07,0
4284,157,Design,Customer Support,2025-11-28,1
4285,378,Finance & Accounting,Finance & Accounting,2025-12-07,0
4286,331,Operations,Operations,2026-04-29,0
4287,195,Data & Analytics,Data & Analytics,2025-10-10,1
4288,380,Marketing,Software Engineering,2025-12-07,0
4289,193,Design,Operations,2025-12-31,0
4290,596,Data & Analytics,Marketing,2026-02-02,1
4291,495,Marketing,Software Engineering,2026-04-18,1
4292,3,Sales,Operations,2026-04-23,0
4293,261,Sales,Data & Analytics,2026-04-16,0
4294,526,Software Engineering,Design,2025-11-06,1
4295,102,Marketing,Finance & Accounting,2026-02-27,0
4296,369,Operations,Sales,2025-12-22,0
4297,79,Software Engineering,Data & Analytics,2025-09-17,0
4298,344,Software Engineering,Sales,2025-10-21,0
4299,403,Operations,Marketing,2025-12-08,0
4300,449,Marketing,Software Engineering,2026-03-28,1
4301,281,Design,Operations,2026-01-07,0
4302,436,Marketing,Customer Support,2025-08-22,0
4303,566,Marketing,Operations,2025-09-15,0
4304,12,Customer Support,Software Engineering,2026-01-19,1
4305,363,Marketing,Sales,2025-10-27,0
4306,2,Customer Support,Marketing,2025-10-03,0
4307,405,Sales,Marketing,2026-02-22,1
4308,438,Finance & Accounting,Customer Support,2026-01-30,0
4309,445,Design,Data & Analytics,2026-03-18,1
4310,181,Software Engineering,Operations,2025-11-23,0
4311,253,Finance & Accounting,Design,2025-08-26,0
4312,493,Design,Software Engineering,2026-01-29,0
4313,153,Data & Analytics,Sales,2026-02-11,0
4314,415,Sales,Design,2025-11-19,0
4315,366,Data & Analytics,Design,2026-04-16,0
4316,515,Finance & Accounting,Software Engineering,2026-01-23,0
4317,518,Operations,Sales,2026-04-17,1
4318,571,Finance & Accounting,Software Engineering,2025-10-05,0
4319,576,Customer Support,Operations,2026-03-24,0
4320,479,Marketing,Software Engineering,2026-04-03,0
4321,51,Finance & Accounting,Marketing,2026-04-25,0
4322,521,Sales,Customer Support,2025-11-04,1
4323,151,Data & Analytics,Data & Analytics,2026-02-06,0
4324,387,Customer Support,Design,2025-10-23,0
4325,546,Finance & Accounting,Finance & Accounting,2026-01-09,0
4326,220,Data & Analytics,Design,2026-02-20,0
4327,477,Marketing,Marketing,2025-12-22,0
4328,344,Design,Sales,2025-12-18,0
4329,321,Design,Operations,2025-09-30,0
4330,47,Software Engineering,Operations,2025-09-03,0
4331,311,Customer Support,Sales,2025-11-24,0
4332,270,Sales,Data & Analytics,2026-03-22,0
4333,380,Operations,Finance & Accounting,2026-02-07,0
4334,17,Marketing,Design,2025-10-01,0
4335,37,Data & Analytics,Finance & Accounting,2026-03-25,0
4336,63,Customer Support,Sales,2026-03-27,0
4337,304,Customer Support,Data & Analytics,2026-03-22,0
4338,152,Marketing,Software Engineering,2025-11-02,1
4339,332,Customer Support,Data & Analytics,2025-10-25,0
4340,284,Design,Customer Support,2026-01-28,1
4341,217,Design,Sales,2025-11-14,0
4342,322,Customer Support,Operations,2026-03-24,0
4343,344,Data & Analytics,Design,2025-10-03,1
4344,275,Customer Support,Operations,2025-12-07,0
4345,58,Data & Analytics,Marketing,2026-02-14,0
4346,332,Sales,Operations,2026-03-16,1
4347,50,Design,Design,2025-11-16,0
4348,551,Software Engineering,Customer Support,2025-10-30,0
4349,275,Marketing,Sales,2026-01-15,1
4350,31,Marketing,Sales,2026-01-05,1
4351,459,Sales,Sales,2025-10-05,1
4352,420,Sales,Data & Analytics,2026-01-30,0
4353,257,Design,Finance & Accounting,2026-02-02,0
4354,478,Software Engineering,Marketing,2025-08-26,0
4355,145,Software Engineering,Operations,2026-03-05,0
4356,273,Sales,Customer Support,2025-10-09,0
4357,378,Marketing,Data & Analytics,2026-04-16,0
4358,591,Operations,Sales,2026-03-20,0
4359,463,Software Engineering,Data & Analytics,2025-11-01,0
4360,403,Software Engineering,Design,2025-10-13,1
4361,241,Sales,Customer Support,2026-04-08,1
4362,593,Software Engineering,Sales,2025-12-18,0
4363,196,Software Engineering,Operations,2026-03-03,1
4364,212,Data & Analytics,Marketing,2026-04-20,0
4365,138,Design,Marketing,2026-01-20,0
4366,549,Sales,Design,2026-01-06,0
4367,301,Data & Analytics,Data & Analytics,2025-12-20,1
4368,436,Data & Analytics,Design,2026-03-20,0
4369,529,Data & Analytics,Customer Support,2026-04-20,1
4370,356,Data & Analytics,Data & Analytics,2026-01-18,0
4371,25,Sales,Customer Support,2025-08-23,0
4372,30,Sales,Marketing,2025-08-21,0
4373,7,Finance & Accounting,Design,2026-03-17,0
4374,314,Design,Software Engineering,2026-02-15,1
4375,17,Sales,Finance & Accounting,2026-04-11,0
4376,220,Operations,Sales,2025-11-17,0
4377,563,Sales,Customer Support,2026-01-20,1
4378,451,Design,Finance & Accounting,2025-08-29,0
4379,164,Software Engineering,Design,2025-12-31,0
4380,439,Finance & Accounting,Operations,2026-04-09,0
4381,70,Software Engineering,Finance & Accounting,2025-12-21,0
4382,448,Finance & Accounting,Data & Analytics,2026-03-08,0
4383,174,Finance & Accounting,Operations,2025-12-09,1
4384,139,Operations,Design,2026-02-05,1
4385,1,Customer Support,Data & Analytics,2026-04-15,0
4386,332,Sales,Marketing,2026-04-06,0
4387,121,Sales,Software Engineering,2025-10-31,0
4388,454,Operations,Sales,2025-08-15,1
4389,188,Operations,Finance & Accounting,2025-08-31,0
4390,219,Sales,Data & Analytics,2025-11-21,1
4391,47,Customer Support,Finance & Accounting,2026-02-17,0
4392,417,Design,Data & Analytics,2026-04-06,1
4393,286,Marketing,Sales,2026-02-04,0
4394,187,Software Engineering,Customer Support,2025-09-08,1
4395,47,Customer Support,Software Engineering,2026-02-22,0
4396,468,Software Engineering,Design,2025-11-22,0
4397,372,Data & Analytics,Customer Support,2026-01-25,0
4398,456,Finance & Accounting,Design,2025-08-23,0
4399,182,Sales,Design,2026-01-22,1
4400,538,Design,Design,2025-11-14,0
4401,464,Software Engineering,Customer Support,2026-03-09,0
4402,226,Marketing,Design,2026-02-23,0
4403,8,Sales,Operations,2026-02-15,0
4404,586,Data & Analytics,Design,2026-03-22,1
4405,167,Finance & Accounting,Sales,2026-03-19,1
4406,336,Software Engineering,Software Engineering,2026-04-24,0
4407,240,Finance & Accounting,Software Engineering,2025-09-19,0
4408,130,Design,Marketing,2025-09-21,1
4409,172,Finance & Accounting,Sales,2025-10-04,1
4410,192,Marketing,Customer Support,2026-03-18,1
4411,264,Customer Support,Finance & Accounting,2026-03-28,1
4412,468,Software Engineering,Sales,2026-01-06,1
4413,105,Data & Analytics,Marketing,2026-01-03,0
4414,459,Customer Support,Software Engineering,2026-04-25,0
4415,83,Finance & Accounting,Marketing,2026-04-28,1
4416,243,Customer Support,Finance & Accounting,2026-01-06,1
4417,569,Operations,Design,2025-11-16,0
4418,123,Finance & Accounting,Customer Support,2025-10-13,0
4419,131,Marketing,Marketing,2025-11-12,1
4420,538,Sales,Data & Analytics,2026-04-14,0
4421,486,Data & Analytics,Operations,2025-12-27,1
4422,202,Software Engineering,Finance & Accounting,2026-03-26,0
4423,158,Customer Support,Sales,2026-01-06,0
4424,187,Marketing,Software Engineering,2026-03-14,0
4425,74,Design,Marketing,2026-01-06,1
4426,363,Marketing,Finance & Accounting,2026-03-23,0
4427,501,Customer Support,Data & Analytics,2026-03-28,0
4428,331,Sales,Sales,2026-03-29,0
4429,373,Sales,Marketing,2025-10-18,1
4430,554,Operations,Finance & Accounting,2025-11-18,0
4431,177,Operations,Software Engineering,2025-12-01,0
4432,412,Design,Marketing,2026-01-14,1
4433,144,Design,Software Engineering,2025-09-30,1
4434,592,Design,Software Engineering,2025-10-07,0
4435,299,Marketing,Operations,2026-02-28,1
4436,196,Customer Support,Customer Support,2025-09-26,1
4437,319,Operations,Data & Analytics,2025-09-26,1
4438,579,Marketing,Sales,2026-03-16,0
4439,416,Design,Finance & Accounting,2025-09-04,0
4440,14,Operations,Marketing,2025-12-08,0
4441,373,Customer Support,Finance & Accounting,2025-12-04,0
4442,270,Operations,Data & Analytics,2026-03-13,0
4443,123,Design,Data & Analytics,2025-12-10,0
4444,492,Software Engineering,Marketing,2026-04-11,0
4445,403,Operations,Data & Analytics,2025-11-26,0
4446,17,Sales,Operations,2025-08-28,0
4447,337,Sales,Data & Analytics,2025-11-20,1
4448,583,Customer Support,Marketing,2025-08-18,1
4449,363,Customer Support,Marketing,2025-09-12,0
4450,96,Finance & Accounting,Data & Analytics,2026-03-22,1
4451,263,Design,Marketing,2025-08-25,0
4452,406,Software Engineering,Software Engineering,2025-09-04,0
4453,201,Operations,Software Engineering,2026-02-28,0
4454,532,Data & Analytics,Data & Analytics,2026-03-09,0
4455,227,Design,Marketing,2026-03-22,1
4456,454,Customer Support,Operations,2025-09-15,1
4457,326,Operations,Operations,2025-10-10,1
4458,169,Software Engineering,Operations,2025-12-23,0
4459,361,Design,Operations,2025-10-07,1
4460,509,Finance & Accounting,Finance & Accounting,2025-10-12,1
4461,550,Software Engineering,Software Engineering,2026-02-08,1
4462,291,Operations,Finance & Accounting,2026-03-22,0
4463,147,Design,Design,2025-11-05,0
4464,26,Data & Analytics,Customer Support,2026-02-13,0
4465,533,Data & Analytics,Customer Support,2025-11-13,0
4466,75,Design,Finance & Accounting,2025-10-31,1
4467,103,Sales,Marketing,2025-09-26,0
4468,352,Design,Software Engineering,2025-09-02,0
4469,461,Sales,Sales,2026-01-31,0
4470,355,Data & Analytics,Customer Support,2025-08-18,0
4471,203,Marketing,Sales,2026-04-26,1
4472,539,Sales,Customer Support,2025-12-05,0
4473,569,Data & Analytics,Operations,2025-08-26,0
4474,275,Software Engineering,Customer Support,2025-12-25,0
4475,62,Finance & Accounting,Finance & Accounting,2026-02-20,1
4476,103,Software Engineering,Data & Analytics,2026-04-02,1
4477,271,Data & Analytics,Sales,2025-08-20,1
4478,72,Data & Analytics,Finance & Accounting,2025-10-03,0
4479,353,Customer Support,Data & Analytics,2026-01-01,1
4480,383,Software Engineering,Data & Analytics,2025-11-28,0
4481,284,Software Engineering,Customer Support,2025-09-16,0
4482,56,Software Engineering,Software Engineering,2025-11-10,0
4483,250,Sales,Operations,2026-02-18,0
4484,171,Customer Support,Operations,2026-02-04,0
4485,220,Software Engineering,Data & Analytics,2026-04-07,0
4486,537,Operations,Operations,2025-11-05,1
4487,588,Operations,Finance & Accounting,2026-01-20,0
4488,308,Sales,Design,2025-12-05,0
4489,83,Operations,Operations,2026-03-25,0
4490,142,Marketing,Marketing,2025-09-21,0
4491,253,Finance & Accounting,Marketing,2026-01-30,0
4492,577,Sales,Customer Support,2025-09-30,1
4493,446,Marketing,Marketing,2025-10-20,0
4494,367,Operations,Finance & Accounting,2025-12-21,0
4495,479,Sales,Finance & Accounting,2026-03-27,0
4496,313,Operations,Marketing,2026-04-08,1
4497,451,Software Engineering,Customer Support,2025-11-27,0
4498,263,Operations,Data & Analytics,2025-12-21,0
4499,598,Marketing,Marketing,2025-10-23,0
4500,178,Software Engineering,Software Engineering,2026-02-16,0
4501,354,Customer Support,Finance & Accounting,2025-12-30,0
4502,263,Software Engineering,Customer Support,2026-04-26,0
4503,277,Customer Support,Data & Analytics,2026-03-12,1
4504,546,Design,Operations,2026-02-26,0
4505,47,Marketing,Data & Analytics,2026-04-26,0
4506,319,Data & Analytics,Customer Support,2025-09-21,0
4507,52,Finance & Accounting,Finance & Accounting,2025-11-01,0
4508,175,Operations,Operations,2025-09-18,1
4509,59,Data & Analytics,Finance & Accounting,2025-12-25,0
4510,600,Operations,Design,2026-01-01,0
4511,244,Finance & Accounting,Finance & Accounting,2026-04-28,0
4512,83,Operations,Data & Analytics,2025-08-19,0
4513,509,Marketing,Finance & Accounting,2025-12-23,0
4514,254,Finance & Accounting,Software Engineering,2025-11-03,0
4515,388,Data & Analytics,Design,2025-08-19,0
4516,111,Design,Operations,2026-04-07,1
4517,275,Marketing,Marketing,2026-02-05,0
4518,124,Operations,Sales,2025-12-21,0
4519,333,Customer Support,Software Engineering,2026-02-21,1
4520,164,Marketing,Finance & Accounting,2025-11-07,0
4521,254,Marketing,Software Engineering,2026-03-19,1
4522,102,Software Engineering,Design,2026-01-11,0
4523,396,Design,Design,2026-03-22,0
4524,522,Software Engineering,Finance & Accounting,2026-03-13,0
4525,94,Finance & Accounting,Finance & Accounting,2025-12-30,0
4526,356,Finance & Accounting,Marketing,2025-10-03,0
4527,325,Sales,Marketing,2026-02-27,1
4528,519,Finance & Accounting,Design,2025-09-13,0
4529,579,Operations,Sales,2025-10-13,0
4530,540,Operations,Marketing,2025-12-11,1
4531,2,Software Engineering,Software Engineering,2025-08-14,0
4532,457,Software Engineering,Marketing,2025-11-07,0
4533,85,Operations,Data & Analytics,2025-09-16,0
4534,322,Finance & Accounting,Finance & Accounting,2025-08-19,0
4535,218,Customer Support,Data & Analytics,2026-04-07,0
4536,207,Customer Support,Customer Support,2025-09-03,0
4537,50,Operations,Design,2026-03-20,0
4538,369,Customer Support,Sales,2025-10-23,0
4539,379,Software Engineering,Marketing,2025-09-05,0
4540,339,Sales,Marketing,2026-03-09,1
4541,551,Finance & Accounting,Sales,2025-12-14,0
4542,367,Sales,Operations,2025-09-13,0
4543,81,Finance & Accounting,Sales,2026-03-20,0
4544,438,Software Engineering,Marketing,2026-01-15,0
4545,141,Sales,Sales,2025-08-22,0
4546,506,Operations,Marketing,2026-03-16,1
4547,585,Finance & Accounting,Sales,2026-03-19,0
4548,466,Data & Analytics,Design,2025-11-28,0
4549,59,Operations,Sales,2026-02-24,1
4550,28,Customer Support,Design,2026-01-19,0
4551,344,Operations,Finance & Accounting,2025-12-05,0
4552,137,Operations,Sales,2026-01-18,0
4553,477,Data & Analytics,Customer Support,2026-02-08,0
4554,222,Operations,Finance & Accounting,2025-12-16,1
4555,540,Operations,Marketing,2026-02-27,1
4556,6,Marketing,Design,2026-02-14,1
4557,576,Data & Analytics,Marketing,2026-01-28,1
4558,157,Customer Support,Design,2025-10-17,0
4559,248,Software Engineering,Finance & Accounting,2025-09-30,0
4560,36,Sales,Customer Support,2025-09-13,1
4561,466,Finance & Accounting,Operations,2025-12-27,0
4562,563,Customer Support,Data & Analytics,2026-04-06,0
4563,323,Customer Support,Customer Support,2025-08-30,1
4564,394,Finance & Accounting,Customer Support,2026-01-16,1
4565,326,Sales,Sales,2026-01-28,1
4566,80,Customer Support,Finance & Accounting,2025-10-09,1
4567,572,Design,Data & Analytics,2026-02-15,0
4568,498,Software Engineering,Marketing,2025-11-07,0
4569,463,Design,Finance & Accounting,2025-11-08,1
4570,247,Operations,Marketing,2025-10-12,0
4571,17,Marketing,Design,2025-10-21,1
4572,382,Marketing,Marketing,2025-08-27,0
4573,259,Sales,Data & Analytics,2026-01-12,0
4574,216,Data & Analytics,Sales,2025-08-30,1
4575,449,Sales,Marketing,2026-03-13,0
4576,327,Customer Support,Marketing,2026-01-11,0
4577,163,Software Engineering,Finance & Accounting,2026-01-11,0
4578,19,Data & Analytics,Finance & Accounting,2025-10-01,0
4579,439,Marketing,Operations,2025-09-26,0
4580,159,Software Engineering,Data & Analytics,2025-10-20,0
4581,245,Operations,Sales,2025-11-19,1
4582,93,Design,Design,2025-11-04,0
4583,319,Marketing,Finance & Accounting,2025-09-18,1
4584,428,Design,Operations,2026-02-18,0
4585,545,Software Engineering,Marketing,2025-08-27,0
4586,310,Operations,Software Engineering,2026-04-15,0
4587,513,Design,Software Engineering,2025-09-12,0
4588,540,Marketing,Operations,2025-09-09,1
4589,390,Marketing,Sales,2026-04-03,0
4590,291,Sales,Customer Support,2025-11-12,0
4591,341,Data & Analytics,Design,2025-12-22,0
4592,274,Design,Design,2025-10-04,1
4593,462,Sales,Data & Analytics,2025-10-31,0
4594,600,Software Engineering,Customer Support,2025-10-24,1
4595,393,Software Engineering,Customer Support,2025-11-03,0
4596,30,Sales,Software Engineering,2025-09-12,0
4597,448,Finance & Accounting,Marketing,2025-09-09,0
4598,174,Marketing,Design,2025-09-24,1
4599,530,Operations,Finance & Accounting,2025-12-19,0
4600,347,Finance & Accounting,Operations,2026-04-15,0
4601,72,Software Engineering,Design,2026-04-08,0
4602,9,Finance & Accounting,Design,2025-12-18,0
4603,321,Design,Data & Analytics,2025-11-29,0
4604,262,Sales,Finance & Accounting,2026-01-11,0
4605,168,Data & Analytics,Software Engineering,2025-12-20,0
4606,208,Customer Support,Design,2026-03-20,0
4607,240,Sales,Design,2025-08-19,1
4608,371,Finance & Accounting,Data & Analytics,2025-12-10,1
4609,490,Customer Support,Design,2025-09-07,0
4610,265,Sales,Data & Analytics,2026-03-13,0
4611,257,Operations,Operations,2025-08-29,0
4612,568,Sales,Customer Support,2025-10-30,1
4613,440,Operations,Operations,2025-12-20,1
4614,307,Software Engineering,Marketing,2026-04-01,1
4615,597,Operations,Sales,2025-12-07,0
4616,395,Finance & Accounting,Sales,2026-01-17,0
4617,252,Marketing,Customer Support,2025-08-13,0
4618,3,Software Engineering,Operations,2025-10-21,0
4619,546,Sales,Customer Support,2026-04-05,0
4620,444,Data & Analytics,Customer Support,2025-10-14,1
4621,492,Operations,Sales,2026-01-21,0
4622,403,Finance & Accounting,Operations,2026-01-02,0
4623,596,Sales,Design,2025-11-11,0
4624,442,Customer Support,Finance & Accounting,2025-08-21,0
4625,589,Data & Analytics,Operations,2025-12-04,0
4626,159,Finance & Accounting,Marketing,2026-01-05,0
4627,166,Marketing,Design,2026-04-29,0
4628,310,Data & Analytics,Customer Support,2026-02-19,0
4629,10,Software Engineering,Operations,2025-12-15,0
4630,60,Design,Software Engineering,2025-11-16,0
4631,274,Sales,Software Engineering,2026-03-05,1
4632,408,Marketing,Operations,2026-04-16,0
4633,87,Data & Analytics,Marketing,2025-11-29,0
4634,262,Sales,Sales,2025-11-28,1
4635,380,Software Engineering,Data & Analytics,2025-12-25,0
4636,288,Data & Analytics,Customer Support,2025-11-15,1
4637,307,Marketing,Operations,2026-02-13,0
4638,72,Software Engineering,Marketing,2026-01-13,1
4639,160,Customer Support,Data & Analytics,2025-10-24,0
4640,117,Sales,Finance & Accounting,2025-10-23,0
4641,567,Operations,Marketing,2026-03-24,0
4642,88,Data & Analytics,Marketing,2025-10-12,0
4643,168,Finance & Accounting,Sales,2025-10-25,0
4644,133,Design,Data & Analytics,2026-03-25,0
4645,233,Sales,Marketing,2026-02-26,1
4646,51,Finance & Accounting,Marketing,2025-09-16,0
4647,221,Data & Analytics,Sales,2026-03-01,0
4648,565,Finance & Accounting,Design,2025-09-14,0
4649,214,Data & Analytics,Data & Analytics,2025-08-22,0
4650,44,Finance & Accounting,Customer Support,2026-01-29,1
4651,24,Data & Analytics,Design,2025-12-07,0
4652,538,Data & Analytics,Design,2025-08-15,0
4653,275,Design,Sales,2026-03-28,0
4654,196,Software Engineering,Customer Support,2026-01-07,0
4655,501,Software Engineering,Design,2026-04-04,1
4656,583,Finance & Accounting,Software Engineering,2025-09-09,1
4657,265,Design,Finance & Accounting,2025-10-12,0
4658,235,Sales,Data & Analytics,2026-04-15,0
4659,520,Software Engineering,Customer Support,2026-01-14,0
4660,579,Data & Analytics,Operations,2025-09-24,0
4661,536,Data & Analytics,Finance & Accounting,2025-09-22,1
4662,80,Sales,Finance & Accounting,2025-12-14,0
4663,375,Software Engineering,Data & Analytics,2026-03-05,0
4664,312,Marketing,Customer Support,2025-12-09,1
4665,263,Software Engineering,Marketing,2025-09-10,0
4666,579,Sales,Customer Support,2025-10-23,1
4667,356,Marketing,Sales,2026-03-31,0
4668,554,Data & Analytics,Data & Analytics,2026-02-28,0
4669,280,Customer Support,Design,2026-02-26,0
4670,484,Finance & Accounting,Data & Analytics,2025-11-14,0
4671,318,Marketing,Sales,2025-12-12,1
4672,24,Software Engineering,Sales,2025-10-28,0
4673,416,Finance & Accounting,Operations,2026-01-05,0
4674,584,Operations,Data & Analytics,2025-10-14,1
4675,287,Design,Marketing,2025-12-23,0
4676,305,Marketing,Operations,2026-01-02,0
4677,511,Sales,Customer Support,2025-10-02,1
4678,592,Sales,Sales,2025-11-20,0
4679,586,Marketing,Design,2025-11-30,0
4680,563,Finance & Accounting,Marketing,2026-03-20,0
4681,402,Sales,Design,2025-12-31,0
4682,70,Marketing,Software Engineering,2025-10-23,1
4683,526,Operations,Operations,2025-09-08,0
4684,80,Marketing,Marketing,2025-10-19,0
4685,108,Finance & Accounting,Customer Support,2025-08-22,1
4686,528,Data & Analytics,Finance & Accounting,2026-02-10,0
4687,216,Customer Support,Sales,2025-10-02,0
4688,169,Marketing,Software Engineering,2025-12-21,0
4689,422,Design,Finance & Accounting,2026-04-02,0
4690,495,Operations,Finance & Accounting,2025-11-27,0
4691,182,Software Engineering,Finance & Accounting,2025-10-19,0
4692,510,Data & Analytics,Sales,2025-10-24,0
4693,317,Design,Design,2026-01-28,0
4694,166,Software Engineering,Software Engineering,2026-02-26,1
4695,563,Marketing,Marketing,2026-03-26,0
4696,410,Marketing,Design,2026-01-06,0
4697,1,Finance & Accounting,Operations,2025-10-06,1
4698,28,Software Engineering,Customer Support,2025-12-01,0
4699,537,Marketing,Marketing,2026-02-19,0
4700,222,Finance & Accounting,Design,2025-10-23,1
4701,121,Data & Analytics,Finance & Accounting,2026-01-13,0
4702,185,Customer Support,Data & Analytics,2026-01-24,0
4703,565,Customer Support,Operations,2026-04-06,1
4704,17,Finance & Accounting,Sales,2025-11-26,1
4705,214,Design,Design,2025-11-22,1
4706,392,Design,Operations,2026-03-11,0
4707,588,Customer Support,Finance & Accounting,2025-08-26,0
4708,127,Sales,Customer Support,2026-03-28,0
4709,381,Design,Marketing,2026-04-05,0
4710,533,Marketing,Marketing,2025-10-06,0
4711,412,Sales,Customer Support,2026-04-09,1
4712,57,Sales,Design,2025-12-14,0
4713,580,Customer Support,Data & Analytics,2025-10-20,0
4714,381,Customer Support,Sales,2026-02-21,0
4715,382,Operations,Sales,2025-11-30,0
4716,432,Marketing,Data & Analytics,2025-09-10,0
4717,80,Sales,Software Engineering,2025-12-08,0
4718,122,Customer Support,Data & Analytics,2026-01-15,0
4719,140,Operations,Software Engineering,2025-08-26,1
4720,559,Operations,Software Engineering,2025-09-18,0
4721,122,Data & Analytics,Customer Support,2025-12-03,0
4722,47,Sales,Finance & Accounting,2025-11-07,0
4723,365,Sales,Software Engineering,2025-09-24,0
4724,331,Marketing,Software Engineering,2026-04-14,0
4725,86,Finance & Accounting,Software Engineering,2025-11-27,0
4726,304,Marketing,Sales,2026-04-08,0
4727,223,Finance & Accounting,Operations,2025-12-04,0
4728,541,Operations,Data & Analytics,2025-09-05,0
4729,136,Marketing,Customer Support,2025-11-30,0
4730,411,Finance & Accounting,Finance & Accounting,2025-11-29,1
4731,13,Customer Support,Data & Analytics,2026-01-16,1
4732,59,Customer Support,Data & Analytics,2025-11-14,1
4733,237,Customer Support,Design,2026-02-19,0
4734,265,Sales,Marketing,2025-12-31,1
4735,367,Finance & Accounting,Software Engineering,2025-11-17,1
4736,117,Software Engineering,Software Engineering,2026-02-23,1
4737,267,Sales,Operations,2026-03-02,1
4738,229,Sales,Operations,2025-09-27,0
4739,481,Sales,Sales,2026-03-18,0
4740,494,Customer Support,Customer Support,2026-04-12,1
4741,495,Software Engineering,Finance & Accounting,2025-11-06,0
4742,352,Data & Analytics,Operations,2026-03-20,1
4743,80,Data & Analytics,Sales,2025-09-28,0
4744,142,Design,Data & Analytics,2026-02-02,0
4745,446,Customer Support,Customer Support,2025-12-09,1
4746,470,Marketing,Software Engineering,2025-10-13,0
4747,487,Customer Support,Operations,2025-11-13,0
4748,62,Customer Support,Software Engineering,2025-10-09,0
4749,280,Data & Analytics,Design,2025-10-25,0
4750,409,Data & Analytics,Finance & Accounting,2025-09-03,1
4751,154,Data & Analytics,Marketing,2026-03-10,0
4752,443,Sales,Marketing,2025-10-07,0
4753,524,Sales,Software Engineering,2026-04-14,0
4754,69,Sales,Data & Analytics,2026-04-12,0
4755,239,Design,Marketing,2025-12-09,1
4756,226,Operations,Software Engineering,2025-10-24,0
4757,128,Software Engineering,Sales,2025-08-31,0
4758,534,Operations,Data & Analytics,2025-12-16,1
4759,392,Data & Analytics,Data & Analytics,2025-12-01,0
4760,442,Operations,Software Engineering,2025-09-08,0
4761,75,Finance & Accounting,Data & Analytics,2025-11-06,1
4762,490,Sales,Data & Analytics,2026-02-26,0
4763,385,Software Engineering,Data & Analytics,2026-01-09,0
4764,453,Operations,Data & Analytics,2026-04-01,1
4765,153,Marketing,Marketing,2025-10-13,0
4766,165,Marketing,Design,2026-04-20,1
4767,70,Design,Design,2026-02-10,0
4768,151,Marketing,Operations,2025-10-29,0
4769,305,Customer Support,Sales,2026-04-20,0
4770,239,Software Engineering,Software Engineering,2025-10-18,0
4771,55,Sales,Customer Support,2025-10-07,0
4772,96,Design,Finance & Accounting,2026-03-06,0
4773,106,Design,Customer Support,2025-12-03,0
4774,224,Design,Marketing,2026-03-18,0
4775,531,Sales,Design,2026-02-23,1
4776,591,Data & Analytics,Finance & Accounting,2025-10-04,1
4777,510,Design,Software Engineering,2025-10-23,0
4778,478,Marketing,Sales,2026-03-27,0
4779,41,Marketing,Data & Analytics,2026-02-14,1
4780,370,Customer Support,Data & Analytics,2026-04-23,1
4781,596,Software Engineering,Finance & Accounting,2025-12-29,0
4782,285,Sales,Design,2026-02-23,0
4783,528,Software Engineering,Data & Analytics,2026-01-11,0
4784,351,Operations,Customer Support,2026-04-19,0
4785,306,Marketing,Operations,2025-11-10,0
4786,259,Design,Sales,2026-04-11,0
4787,28,Customer Support,Finance & Accounting,2025-09-23,0
4788,498,Design,Software Engineering,2025-12-28,0
4789,329,Marketing,Design,2026-01-09,1
4790,90,Customer Support,Software Engineering,2025-11-27,1
4791,191,Sales,Sales,2025-12-17,1
4792,276,Sales,Sales,2026-02-06,0
4793,326,Software Engineering,Software Engineering,2025-11-15,1
4794,84,Operations,Data & Analytics,2025-09-24,0
4795,582,Marketing,Operations,2026-04-03,1
4796,255,Finance & Accounting,Customer Support,2025-11-02,0
4797,329,Finance & Accounting,Marketing,2026-03-06,0
4798,198,Design,Data & Analytics,2026-01-11,0
4799,173,Operations,Software Engineering,2025-09-08,0
4800,256,Sales,Finance & Accounting,2025-10-12,0
4801,495,Software Engineering,Data & Analytics,2026-02-24,0
4802,203,Customer Support,Customer Support,2025-10-02,0
4803,300,Design,Finance & Accounting,2026-02-16,1
4804,468,Customer Support,Customer Support,2025-10-12,0
4805,512,Data & Analytics,Software Engineering,2026-02-27,1
4806,586,Design,Finance & Accounting,2026-01-11,1
4807,587,Operations,Data & Analytics,2026-03-13,0
4808,50,Software Engineering,Sales,2026-01-24,1
4809,528,Finance & Accounting,Customer Support,2025-09-03,0
4810,108,Operations,Sales,2026-03-03,1
4811,140,Finance & Accounting,Customer Support,2026-04-29,1
4812,569,Data & Analytics,Software Engineering,2025-11-26,1
4813,110,Operations,Finance & Accounting,2026-04-05,0
4814,380,Sales,Software Engineering,2025-11-23,1
4815,534,Finance & Accounting,Design,2025-10-10,0
4816,589,Software Engineering,Finance & Accounting,2026-03-23,1
4817,466,Finance & Accounting,Operations,2025-11-01,0
4818,335,Design,Data & Analytics,2025-10-08,1
4819,56,Data & Analytics,Software Engineering,2025-11-02,0
4820,430,Finance & Accounting,Operations,2026-01-05,0
4821,174,Sales,Operations,2026-02-02,0
4822,173,Data & Analytics,Customer Support,2026-03-25,0
4823,499,Operations,Finance & Accounting,2026-02-08,1
4824,261,Finance & Accounting,Design,2026-02-28,1
4825,536,Sales,Customer Support,2025-09-01,1
4826,547,Data & Analytics,Operations,2025-09-13,0
4827,484,Marketing,Software Engineering,2025-10-10,0
4828,249,Operations,Customer Support,2026-02-07,1
4829,439,Data & Analytics,Finance & Accounting,2026-02-13,1
4830,298,Software Engineering,Software Engineering,2026-02-12,0
4831,250,Design,Sales,2025-11-17,0
4832,290,Marketing,Customer Support,2025-08-19,0
4833,49,Software Engineering,Software Engineering,2025-12-03,0
4834,533,Data & Analytics,Design,2026-04-11,0
4835,196,Marketing,Marketing,2025-12-29,0
4836,307,Customer Support,Customer Support,2026-02-04,1
4837,216,Sales,Operations,2025-08-15,0
4838,581,Design,Sales,2026-03-12,0
4839,557,Data & Analytics,Design,2025-12-02,1
4840,463,Software Engineering,Marketing,2025-09-05,0
4841,433,Sales,Finance & Accounting,2026-03-17,0
4842,46,Software Engineering,Finance & Accounting,2026-03-30,0
4843,172,Marketing,Customer Support,2026-02-06,1
4844,435,Finance & Accounting,Software Engineering,2025-12-05,0
4845,259,Customer Support,Finance & Accounting,2026-01-02,0
4846,364,Design,Customer Support,2025-08-14,0
4847,221,Finance & Accounting,Marketing,2025-10-09,0
4848,64,Software Engineering,Operations,2025-11-22,0
4849,250,Data & Analytics,Marketing,2026-03-28,0
4850,122,Software Engineering,Sales,2026-02-17,0
4851,228,Finance & Accounting,Software Engineering,2025-10-17,0
4852,134,Marketing,Finance & Accounting,2026-01-27,0
4853,164,Finance & Accounting,Operations,2026-03-22,0
4854,526,Finance & Accounting,Customer Support,2026-01-31,1
4855,460,Marketing,Sales,2025-08-19,1
4856,380,Finance & Accounting,Operations,2026-04-06,1
4857,205,Customer Support,Marketing,2025-11-30,0
4858,466,Design,Software Engineering,2025-10-05,1
4859,215,Operations,Finance & Accounting,2025-10-11,0
4860,481,Marketing,Sales,2025-10-02,0
4861,193,Finance & Accounting,Software Engineering,2025-11-11,1
4862,560,Finance & Accounting,Data & Analytics,2026-04-11,0
4863,390,Data & Analytics,Data & Analytics,2025-10-11,1
4864,138,Marketing,Operations,2025-12-19,0
4865,389,Marketing,Design,2025-09-09,0
4866,367,Finance & Accounting,Software Engineering,2025-10-31,1
4867,429,Customer Support,Finance & Accounting,2025-11-13,0
4868,181,Data & Analytics,Design,2026-01-05,1
4869,50,Data & Analytics,Customer Support,2026-03-26,0
4870,86,Data & Analytics,Data & Analytics,2026-02-10,0
4871,444,Data & Analytics,Customer Support,2026-04-08,0
4872,576,Data & Analytics,Operations,2026-01-28,0
4873,122,Customer Support,Finance & Accounting,2025-11-17,0
4874,78,Operations,Sales,2026-04-18,1
4875,256,Sales,Data & Analytics,2026-01-30,0
4876,474,Marketing,Finance & Accounting,2026-01-13,1
4877,98,Data & Analytics,Software Engineering,2025-12-12,0
4878,209,Customer Support,Design,2026-04-26,0
4879,264,Design,Marketing,2025-09-26,0
4880,61,Design,Design,2026-03-11,0
4881,574,Finance & Accounting,Data & Analytics,2025-10-14,1
4882,306,Marketing,Customer Support,2026-04-15,0
4883,15,Finance & Accounting,Design,2026-03-29,1
4884,469,Sales,Design,2025-10-02,1
4885,398,Sales,Finance & Accounting,2025-10-23,0
4886,533,Customer Support,Finance & Accounting,2026-02-15,0
4887,195,Customer Support,Customer Support,2026-01-22,0
4888,492,Software Engineering,Design,2026-03-25,1
4889,568,Software Engineering,Customer Support,2025-10-20,1
4890,150,Finance & Accounting,Operations,2025-11-03,0
4891,81,Marketing,Software Engineering,2026-04-07,0
4892,8,Design,Operations,2026-03-20,0
4893,564,Data & Analytics,Customer Support,2026-03-11,0
4894,250,Customer Support,Finance & Accounting,2026-02-16,1
4895,502,Data & Analytics,Marketing,2026-03-19,0
4896,490,Marketing,Customer Support,2025-11-26,0
4897,495,Finance & Accounting,Design,2026-02-21,0
4898,589,Marketing,Marketing,2025-12-07,0
4899,402,Design,Operations,2026-02-14,0
4900,491,Finance & Accounting,Marketing,2026-03-07,1
4901,600,Design,Data & Analytics,2025-09-10,0
4902,301,Customer Support,Marketing,2025-11-09,0
4903,58,Design,Marketing,2025-09-23,1
4904,302,Finance & Accounting,Data & Analytics,2026-01-26,1
4905,98,Design,Customer Support,2025-08-30,0
4906,450,Sales,Software Engineering,2025-09-05,0
4907,416,Customer Support,Finance & Accounting,2026-04-12,0
4908,202,Marketing,Finance & Accounting,2026-04-27,0
4909,187,Data & Analytics,Customer Support,2025-11-05,0
4910,221,Data & Analytics,Marketing,2025-11-26,0
4911,465,Software Engineering,Software Engineering,2026-03-07,0
4912,79,Finance & Accounting,Marketing,2026-01-04,0
4913,246,Software Engineering,Customer Support,2026-04-26,0
4914,441,Data & Analytics,Finance & Accounting,2025-10-13,1
4915,573,Software Engineering,Data & Analytics,2025-10-12,1
4916,450,Data & Analytics,Customer Support,2026-04-21,0
4917,220,Design,Operations,2026-01-08,1
4918,262,Software Engineering,Software Engineering,2025-08-31,0
4919,589,Data & Analytics,Customer Support,2025-09-06,1
4920,104,Design,Customer Support,2026-01-28,1
4921,113,Operations,Sales,2025-10-28,1
4922,56,Software Engineering,Design,2026-02-10,0
4923,31,Sales,Operations,2025-11-20,0
4924,132,Operations,Sales,2026-02-13,0
4925,387,Software Engineering,Sales,2025-12-24,0
4926,93,Data & Analytics,Data & Analytics,2025-12-23,1
4927,117,Data & Analytics,Operations,2025-11-01,0
4928,308,Sales,Operations,2026-01-28,0
4929,7,Software Engineering,Finance & Accounting,2025-12-25,0
4930,423,Software Engineering,Data & Analytics,2026-03-12,0
4931,331,Data & Analytics,Operations,2025-10-15,1
4932,442,Sales,Sales,2025-11-03,0
4933,559,Marketing,Design,2026-01-20,0
4934,206,Design,Sales,2025-09-08,0
4935,276,Sales,Customer Support,2026-04-22,0
4936,167,Customer Support,Customer Support,2026-03-04,1
4937,346,Marketing,Operations,2025-12-15,0
4938,430,Design,Marketing,2026-01-17,1
4939,41,Customer Support,Data & Analytics,2025-12-30,0
4940,509,Sales,Operations,2025-12-18,1
4941,60,Sales,Data & Analytics,2025-12-28,0
4942,145,Sales,Sales,2025-10-15,0
4943,52,Design,Operations,2025-10-27,1
4944,447,Software Engineering,Design,2025-09-19,0
4945,214,Marketing,Data & Analytics,2026-01-22,0
4946,305,Marketing,Design,2026-02-10,1
4947,298,Operations,Sales,2025-10-04,1
4948,554,Finance & Accounting,Customer Support,2026-01-06,1
4949,83,Design,Customer Support,2026-01-09,0
4950,45,Customer Support,Customer Support,2025-09-07,0
4951,497,Sales,Finance & Accounting,2026-04-09,0
4952,463,Sales,Marketing,2026-02-16,0
4953,573,Customer Support,Finance & Accounting,2025-10-26,1
4954,447,Marketing,Operations,2026-04-21,0
4955,396,Data & Analytics,Sales,2025-10-12,0
4956,555,Marketing,Finance & Accounting,2025-08-17,0
4957,218,Data & Analytics,Software Engineering,2026-04-03,0
4958,60,Customer Support,Finance & Accounting,2026-04-20,0
4959,565,Finance & Accounting,Sales,2025-08-19,0
4960,24,Finance & Accounting,Data & Analytics,2025-11-18,0
4961,248,Customer Support,Customer Support,2026-01-03,1
4962,381,Data & Analytics,Operations,2025-10-27,0
4963,182,Data & Analytics,Data & Analytics,2025-10-17,0
4964,585,Marketing,Customer Support,2025-09-27,0
4965,72,Operations,Data & Analytics,2026-04-29,0
4966,85,Sales,Finance & Accounting,2025-09-20,1
4967,99,Operations,Software Engineering,2026-01-22,1
4968,46,Finance & Accounting,Sales,2026-02-24,0
4969,349,Design,Marketing,2026-04-28,0
4970,23,Data & Analytics,Marketing,2026-04-19,0
4971,472,Sales,Customer Support,2025-09-17,0
4972,478,Marketing,Software Engineering,2026-02-23,0
4973,541,Finance & Accounting,Data & Analytics,2026-03-04,0
4974,162,Marketing,Software Engineering,2025-11-24,0
4975,299,Sales,Design,2025-12-03,0
4976,444,Customer Support,Marketing,2025-11-03,0
4977,540,Sales,Design,2025-09-13,0
4978,456,Design,Software Engineering,2025-10-23,0
4979,222,Customer Support,Software Engineering,2025-11-25,0
4980,215,Design,Data & Analytics,2026-02-02,0
4981,490,Operations,Sales,2025-12-20,0
4982,171,Finance & Accounting,Customer Support,2025-10-24,1
4983,478,Sales,Software Engineering,2025-11-20,0
4984,232,Data & Analytics,Data & Analytics,2026-02-23,1
4985,476,Customer Support,Finance & Accounting,2025-12-31,1
4986,549,Sales,Design,2026-04-27,0
4987,272,Marketing,Operations,2025-10-25,0
4988,377,Operations,Operations,2026-04-20,0
4989,560,Data & Analytics,Sales,2025-10-01,0
4990,300,Software Engineering,Operations,2026-04-05,0
4991,76,Finance & Accounting,Operations,2025-10-10,1
4992,556,Finance & Accounting,Finance & Accounting,2026-02-22,0
4993,53,Customer Support,Data & Analytics,2026-02-15,0
4994,384,Customer Support,Software Engineering,2026-02-22,0
4995,495,Data & Analytics,Operations,2025-11-17,0
4996,379,Operations,Data & Analytics,2026-04-25,0
4997,319,Design,Software Engineering,2025-11-26,1
4998,197,Operations,Sales,2025-12-08,0
4999,26,Design,Data & Analytics,2025-11-11,1
5000,254,Software Engineering,Marketing,2026-02-24,0
